Symbol,Interim_Buffer_Date,Interim_Open,Interim_Low,Interim_High,Interim_Close
EOD/GM,2016-08-19 00:00:00.000,31.48,31.4,31.89,31.83
EOD/GM,2016-08-18 00:00:00.000,31.8,31.48,31.86,31.55
EOD/GM,2016-08-17 00:00:00.000,31.71,31.55,31.88,31.85
EOD/GM,2016-08-16 00:00:00.000,31.81,31.61,31.85,31.71
EOD/GM,2016-08-15 00:00:00.000,31.59,31.55,31.89,31.86
EOD/GM,2016-08-12 00:00:00.000,31.6,31.5499,31.75,31.57
EOD/GM,2016-08-11 00:00:00.000,31.43,31.36,31.79,31.75
EOD/GM,2016-08-10 00:00:00.000,31.03,30.96,31.27,31.25
EOD/GM,2016-08-09 00:00:00.000,30.91,30.83,31.25,31.07
EOD/GM,2016-08-08 00:00:00.000,30.92,30.8,31.06,30.88
EOD/GM,2016-08-05 00:00:00.000,30.51,30.5,30.89,30.8
EOD/GM,2016-08-04 00:00:00.000,30.24,30.23,30.53,30.34
EOD/GM,2016-08-03 00:00:00.000,30,29.91,30.25,30.24
EOD/GM,2016-08-02 00:00:00.000,31.03,29.82,31.08,29.93
EOD/GM,2016-08-01 00:00:00.000,31.54,31.2,31.62,31.3
EOD/GM,2016-07-29 00:00:00.000,30.79,30.78,31.55,31.54
EOD/GM,2016-07-28 00:00:00.000,31.05,30.65,31.2,30.99
EOD/GM,2016-07-27 00:00:00.000,32.18,31.97,32.29,32.02
EOD/GM,2016-07-26 00:00:00.000,31.98,31.89,32.22,32.15
EOD/GM,2016-07-25 00:00:00.000,32.19,31.96,32.36,32.06
EOD/GM,2016-07-22 00:00:00.000,32.1,31.72,32.24,32.16
EOD/GM,2016-07-21 00:00:00.000,32.56,31.83,32.87,32.03
EOD/GM,2016-07-20 00:00:00.000,31.42,31.07,31.58,31.49
EOD/GM,2016-07-19 00:00:00.000,30.7,30.7,31.27,31.25
EOD/GM,2016-07-18 00:00:00.000,30.75,30.61,31.1,30.87
EOD/GM,2016-07-15 00:00:00.000,30.82,30.57,30.98,30.77
EOD/GM,2016-07-14 00:00:00.000,30.88,30.6,31.05,30.76
EOD/GM,2016-07-13 00:00:00.000,30.63,30.22,30.69,30.63
EOD/GM,2016-07-12 00:00:00.000,30.45,30.39,30.85,30.6
EOD/GM,2016-07-11 00:00:00.000,29.79,29.74,30.27,30.13
EOD/GM,2016-07-08 00:00:00.000,29.27,29.27,29.87,29.66
EOD/GM,2016-07-07 00:00:00.000,28.49,28.42,29.055,28.74
EOD/GM,2016-07-06 00:00:00.000,28,27.52,28.41,28.4
EOD/GM,2016-07-05 00:00:00.000,28.64,28.04,28.68,28.17
EOD/GM,2016-07-01 00:00:00.000,28.69,28.36,28.98,28.89
EOD/GM,2016-06-30 00:00:00.000,28.18,27.7,29.66,28.3
EOD/GM,2016-06-29 00:00:00.000,28,27.6,28.2,28.17
EOD/GM,2016-06-28 00:00:00.000,27.93,27.4,27.98,27.74
EOD/GM,2016-06-27 00:00:00.000,28.09,27.34,28.1,27.51
EOD/GM,2016-06-24 00:00:00.000,28.58,28.25,29.04,28.35
EOD/GM,2016-06-23 00:00:00.000,29.59,29.55,29.85,29.82
EOD/GM,2016-06-22 00:00:00.000,29.34,29.27,29.59,29.32
EOD/GM,2016-06-21 00:00:00.000,29.64,29.43,29.77,29.51
EOD/GM,2016-06-20 00:00:00.000,29.62,29.59,30.03,29.65
EOD/GM,2016-06-17 00:00:00.000,29.14,29.06,29.43,29.23
EOD/GM,2016-06-16 00:00:00.000,28.67,28.5,29.07,29.02
EOD/GM,2016-06-15 00:00:00.000,28.98,28.79,29.22,28.86
EOD/GM,2016-06-14 00:00:00.000,29.07,28.65,29.31,28.83
EOD/GM,2016-06-13 00:00:00.000,28.85,28.8,29.4,29.08
EOD/GM,2016-06-10 00:00:00.000,29.22,28.98,29.34,29.06
EOD/GM,2016-06-09 00:00:00.000,29.48,29.155,29.5,29.36
EOD/GM,2016-06-08 00:00:00.000,30,29.52,30.03,29.57
EOD/GM,2016-06-07 00:00:00.000,30.16,29.95,30.38,30.23
EOD/GM,2016-06-06 00:00:00.000,29.85,29.72,30.04,29.99
EOD/GM,2016-06-03 00:00:00.000,30.09,29.51,30.15,29.6
EOD/GM,2016-06-02 00:00:00.000,30.13,30.05,30.46,30.26
EOD/GM,2016-06-01 00:00:00.000,31.15,29.87,31.15,30.22
EOD/GM,2016-05-31 00:00:00.000,31.54,31.13,31.62,31.28
EOD/GM,2016-05-27 00:00:00.000,31.31,31.26,31.64,31.39
EOD/GM,2016-05-26 00:00:00.000,31.65,31.18,31.75,31.29
EOD/GM,2016-05-25 00:00:00.000,31.19,31.12,31.77,31.65
EOD/GM,2016-05-24 00:00:00.000,30.65,30.62,31.08,31.05
EOD/GM,2016-05-23 00:00:00.000,30.5,30.345,30.63,30.59
EOD/GM,2016-05-20 00:00:00.000,30.51,30.4,30.79,30.57
EOD/GM,2016-05-19 00:00:00.000,30.51,30.17,30.68,30.32
EOD/GM,2016-05-18 00:00:00.000,30.56,30.4362,31.04,30.75
EOD/GM,2016-05-17 00:00:00.000,30.4,30.28,30.775,30.63
EOD/GM,2016-05-16 00:00:00.000,30.5,30.5,30.98,30.67
EOD/GM,2016-05-13 00:00:00.000,30.87,30.37,31.285,30.52
EOD/GM,2016-05-12 00:00:00.000,31.2,30.75,31.37,31.18
EOD/GM,2016-05-11 00:00:00.000,31.32,31,31.46,31.08
EOD/GM,2016-05-10 00:00:00.000,30.9,30.84,31.365,31.35
EOD/GM,2016-05-09 00:00:00.000,31,30.54,31.07,30.78
EOD/GM,2016-05-06 00:00:00.000,30.73,30.56,31.11,30.96
EOD/GM,2016-05-05 00:00:00.000,30.79,30.3,30.81,30.54
EOD/GM,2016-05-04 00:00:00.000,31,30.42,31.085,30.59
EOD/GM,2016-05-03 00:00:00.000,31.57,30.665,31.6,31.25
EOD/GM,2016-05-02 00:00:00.000,32.05,31.7262,32.12,31.75
EOD/GM,2016-04-29 00:00:00.000,32.35,31.52,32.35,31.8
EOD/GM,2016-04-28 00:00:00.000,31.97,31.73,32.73,32.44
EOD/GM,2016-04-27 00:00:00.000,32.18,31.99,32.29,32.16
EOD/GM,2016-04-26 00:00:00.000,32,31.93,32.3,32.19
EOD/GM,2016-04-25 00:00:00.000,32.09,31.6,32.11,31.95
EOD/GM,2016-04-22 00:00:00.000,32.66,32.12,32.79,32.18
EOD/GM,2016-04-21 00:00:00.000,33.18,32.47,33.41,32.66
EOD/GM,2016-04-20 00:00:00.000,32,32,32.41,32.19
EOD/GM,2016-04-19 00:00:00.000,31.65,31.6102,32.16,31.97
EOD/GM,2016-04-18 00:00:00.000,30.76,30.61,31.37,31.31
EOD/GM,2016-04-15 00:00:00.000,30.68,30.405,30.85,30.56
EOD/GM,2016-04-14 00:00:00.000,30.84,30.64,31.05,30.72
EOD/GM,2016-04-13 00:00:00.000,30.01,29.94,30.87,30.78
EOD/GM,2016-04-12 00:00:00.000,29.56,29.27,29.77,29.71
EOD/GM,2016-04-11 00:00:00.000,29.49,29.48,30.04,29.53
EOD/GM,2016-04-08 00:00:00.000,29.67,29.23,29.76,29.37
EOD/GM,2016-04-07 00:00:00.000,29.85,29.18,29.95,29.42
EOD/GM,2016-04-06 00:00:00.000,29.66,29.3,29.95,29.94
EOD/GM,2016-04-05 00:00:00.000,29.67,29.35,29.73,29.6
EOD/GM,2016-04-04 00:00:00.000,30.4,29.75,30.48,29.9
EOD/GM,2016-04-01 00:00:00.000,31.18,30.32,31.2,30.47
EOD/GM,2016-03-31 00:00:00.000,31.01,31,31.59,31.43
EOD/GM,2016-03-30 00:00:00.000,31.44,30.955,31.67,30.99
EOD/GM,2016-03-29 00:00:00.000,31.04,30.58,31.28,31.19
EOD/GM,2016-03-28 00:00:00.000,31.13,30.94,31.25,31.02
EOD/GM,2016-03-24 00:00:00.000,30.88,30.39,30.97,30.96
EOD/GM,2016-03-23 00:00:00.000,31.92,31.17,31.93,31.31
EOD/GM,2016-03-22 00:00:00.000,32.08,31.76,32.21,31.9
EOD/GM,2016-03-21 00:00:00.000,32.11,31.75,32.19,32.08
EOD/GM,2016-03-18 00:00:00.000,32.08,31.91,32.38,31.96
EOD/GM,2016-03-17 00:00:00.000,31.73,31.636,32.1,31.96
EOD/GM,2016-03-16 00:00:00.000,30.83,30.83,31.76,31.69
EOD/GM,2016-03-15 00:00:00.000,30.86,30.44,31.08,31.05
EOD/GM,2016-03-14 00:00:00.000,31.18,30.9,31.39,31.18
EOD/GM,2016-03-11 00:00:00.000,31.05,30.98,31.33,31.26
EOD/GM,2016-03-10 00:00:00.000,30.72,30.27,30.88,30.82
EOD/GM,2016-03-09 00:00:00.000,30.47,30.2,30.63,30.54
EOD/GM,2016-03-08 00:00:00.000,31.4,30.46,31.4001,30.68
EOD/GM,2016-03-07 00:00:00.000,31.31,31.19,31.78,31.59
EOD/GM,2016-03-04 00:00:00.000,31.22,31.06,31.74,31.37
EOD/GM,2016-03-03 00:00:00.000,30.26,30.2,31.22,31.07
EOD/GM,2016-03-02 00:00:00.000,30,29.84,30.32,30.15
EOD/GM,2016-03-01 00:00:00.000,30.02,28.92,30.23,30.01
EOD/GM,2016-02-29 00:00:00.000,29.37,29.29,29.8,29.44
EOD/GM,2016-02-26 00:00:00.000,29.73,29.535,29.96,29.63
EOD/GM,2016-02-25 00:00:00.000,28.83,28.55,29.51,29.5
EOD/GM,2016-02-24 00:00:00.000,28.72,27.81,28.9,28.84
EOD/GM,2016-02-23 00:00:00.000,29.41,29.28,29.82,29.38
EOD/GM,2016-02-22 00:00:00.000,29.18,29.03,29.64,29.63
EOD/GM,2016-02-19 00:00:00.000,28.88,28.38,28.98,28.78
EOD/GM,2016-02-18 00:00:00.000,29.45,28.915,29.546,29.03
EOD/GM,2016-02-17 00:00:00.000,28.86,28.7,29.35,29.27
EOD/GM,2016-02-16 00:00:00.000,28,27.76,28.59,28.58
EOD/GM,2016-02-12 00:00:00.000,27.23,27.05,27.74,27.71
EOD/GM,2016-02-11 00:00:00.000,27.48,26.69,28.09,26.9
EOD/GM,2016-02-10 00:00:00.000,28.12,27.69,28.64,27.71
EOD/GM,2016-02-09 00:00:00.000,28.13,27.77,28.87,27.87
EOD/GM,2016-02-08 00:00:00.000,28.28,28.05,28.839,28.68
EOD/GM,2016-02-05 00:00:00.000,28.67,28.415,29.2,28.54
EOD/GM,2016-02-04 00:00:00.000,28.94,28.1,29.21,28.64
EOD/GM,2016-02-03 00:00:00.000,30.1,28.18,30.25,28.92
EOD/GM,2016-02-02 00:00:00.000,29.99,28.87,30.19,29.65
EOD/GM,2016-02-01 00:00:00.000,29.46,29.1,30.24,30.11
EOD/GM,2016-01-29 00:00:00.000,29.17,29.02,29.64,29.64
EOD/GM,2016-01-28 00:00:00.000,29.47,28.4,29.48,29.02
EOD/GM,2016-01-27 00:00:00.000,29.72,29,29.9,29.21
EOD/GM,2016-01-26 00:00:00.000,29.41,29.04,29.75,29.65
EOD/GM,2016-01-25 00:00:00.000,29.33,29.015,29.59,29.23
EOD/GM,2016-01-22 00:00:00.000,30.16,29.03,30.29,29.28
EOD/GM,2016-01-21 00:00:00.000,29.46,29.07,30.135,29.55
EOD/GM,2016-01-20 00:00:00.000,28.86,28.32,29.9,29.42
EOD/GM,2016-01-19 00:00:00.000,29.93,28.91,30,29.4
EOD/GM,2016-01-15 00:00:00.000,29.46,28.8,29.68,29.57
EOD/GM,2016-01-14 00:00:00.000,30.81,29.45,30.89,30.3
EOD/GM,2016-01-13 00:00:00.000,31.83,30.09,31.9,30.49
EOD/GM,2016-01-12 00:00:00.000,30.63,29.8,30.745,30.3
EOD/GM,2016-01-11 00:00:00.000,30.37,29.68,30.48,30.25
EOD/GM,2016-01-08 00:00:00.000,30.46,29.42,30.7,29.53
EOD/GM,2016-01-07 00:00:00.000,30.26,29.825,30.82,29.99
EOD/GM,2016-01-06 00:00:00.000,31.95,31.01,31.98,31.27
EOD/GM,2016-01-05 00:00:00.000,33.33,32.18,33.41,32.43
EOD/GM,2016-01-04 00:00:00.000,33.45,32.84,33.54,33.31
EOD/GM,2015-12-31 00:00:00.000,34.21,34,34.3,34.01
EOD/GM,2015-12-30 00:00:00.000,34.32,34.28,34.555,34.33
EOD/GM,2015-12-29 00:00:00.000,34.66,34.165,34.69,34.5
EOD/GM,2015-12-28 00:00:00.000,34.53,34.3,34.675,34.51
EOD/GM,2015-12-24 00:00:00.000,34.72,34.5,34.75,34.6
EOD/GM,2015-12-23 00:00:00.000,34.51,34.38,34.94,34.78
EOD/GM,2015-12-22 00:00:00.000,34.21,34.07,34.49,34.29
EOD/GM,2015-12-21 00:00:00.000,33.79,33.59,34.06,33.83
EOD/GM,2015-12-18 00:00:00.000,33.96,33.54,34.06,33.67
EOD/GM,2015-12-17 00:00:00.000,35.15,34.065,35.27,34.11
EOD/GM,2015-12-16 00:00:00.000,34.35,34.25,35.17,35.14
EOD/GM,2015-12-15 00:00:00.000,34.75,34.3,34.96,34.54
EOD/GM,2015-12-14 00:00:00.000,34.78,34.05,34.8401,34.39
EOD/GM,2015-12-11 00:00:00.000,35.14,34.27,35.41,34.55
EOD/GM,2015-12-10 00:00:00.000,35.25,35.18,35.89,35.63
EOD/GM,2015-12-09 00:00:00.000,35.3,34.86,35.7,35.45
EOD/GM,2015-12-08 00:00:00.000,35.83,35.23,35.87,35.48
EOD/GM,2015-12-07 00:00:00.000,36.46,35.995,36.52,36.13
EOD/GM,2015-12-04 00:00:00.000,35.6,35.37,36.34,36.25
EOD/GM,2015-12-03 00:00:00.000,35.83,35.23,36,35.47
EOD/GM,2015-12-02 00:00:00.000,36.31,35.62,36.36,35.73
EOD/GM,2015-12-01 00:00:00.000,35.95,35.8,36.34,36.26
EOD/GM,2015-11-30 00:00:00.000,36.6,36.19,36.88,36.2
EOD/GM,2015-11-27 00:00:00.000,36.36,36.22,36.49,36.37
EOD/GM,2015-11-25 00:00:00.000,36.15,36.11,36.42,36.34
EOD/GM,2015-11-24 00:00:00.000,35.76,35.69,36.33,36.22
EOD/GM,2015-11-23 00:00:00.000,36.39,36.06,36.865,36.08
EOD/GM,2015-11-20 00:00:00.000,36.31,36.01,36.425,36.34
EOD/GM,2015-11-19 00:00:00.000,36.43,36.07,36.47,36.14
EOD/GM,2015-11-18 00:00:00.000,35.4,35.3,36.48,36.46
EOD/GM,2015-11-17 00:00:00.000,35.24,35.01,35.59,35.21
EOD/GM,2015-11-16 00:00:00.000,34.31,34.29,35.22,35.17
EOD/GM,2015-11-13 00:00:00.000,34.97,34.185,35.17,34.31
EOD/GM,2015-11-12 00:00:00.000,35.34,35.02,35.4836,35.09
EOD/GM,2015-11-11 00:00:00.000,35.74,35.52,36.01,35.55
EOD/GM,2015-11-10 00:00:00.000,35.54,35.16,35.63,35.62
EOD/GM,2015-11-09 00:00:00.000,35.98,35.44,36.12,35.67
EOD/GM,2015-11-06 00:00:00.000,35.32,35.26,35.8,35.75
EOD/GM,2015-11-05 00:00:00.000,35.53,35.19,35.56,35.44
EOD/GM,2015-11-04 00:00:00.000,35.83,35.38,35.92,35.42
EOD/GM,2015-11-03 00:00:00.000,35.53,35.36,35.99,35.78
EOD/GM,2015-11-02 00:00:00.000,34.88,34.86,35.75,35.57
EOD/GM,2015-10-30 00:00:00.000,34.85,34.46,35.2,34.91
EOD/GM,2015-10-29 00:00:00.000,35.04,34.11,35.05,34.75
EOD/GM,2015-10-28 00:00:00.000,34.99,34.65,35.3,35.22
EOD/GM,2015-10-27 00:00:00.000,35.39,34.74,35.49,34.97
EOD/GM,2015-10-26 00:00:00.000,35.9,35.26,35.94,35.67
EOD/GM,2015-10-23 00:00:00.000,35.54,35.41,36.055,35.95
EOD/GM,2015-10-22 00:00:00.000,35.64,34.97,35.79,35.42
EOD/GM,2015-10-21 00:00:00.000,34.96,34.72,35.87,35.42
EOD/GM,2015-10-20 00:00:00.000,33.18,33.08,33.885,33.48
EOD/GM,2015-10-19 00:00:00.000,33,32.8,33.29,33.24
EOD/GM,2015-10-16 00:00:00.000,33.37,32.88,33.46,33.15
EOD/GM,2015-10-15 00:00:00.000,33.55,33.16,33.66,33.32
EOD/GM,2015-10-14 00:00:00.000,33.2,32.92,33.5,33.33
EOD/GM,2015-10-13 00:00:00.000,32.85,32.71,33.365,33.13
EOD/GM,2015-10-12 00:00:00.000,33.04,32.6237,33.16,33.02
EOD/GM,2015-10-09 00:00:00.000,33.34,32.79,33.63,32.95
EOD/GM,2015-10-08 00:00:00.000,32.95,32.86,33.505,33.43
EOD/GM,2015-10-07 00:00:00.000,32.45,32.41,33.19,33.05
EOD/GM,2015-10-06 00:00:00.000,31.81,31.81,32.38,32.22
EOD/GM,2015-10-05 00:00:00.000,31.9,31.52,32.16,31.76
EOD/GM,2015-10-02 00:00:00.000,30.2,30.16,31.76,31.73
EOD/GM,2015-10-01 00:00:00.000,30.29,29.98,30.75,30.67
EOD/GM,2015-09-30 00:00:00.000,29.62,29.375,30.1,30.02
EOD/GM,2015-09-29 00:00:00.000,28.66,28.38,29.29,29.15
EOD/GM,2015-09-28 00:00:00.000,29.29,28.44,29.32,28.56
EOD/GM,2015-09-25 00:00:00.000,29.79,29.23,29.84,29.41
EOD/GM,2015-09-24 00:00:00.000,29.41,28.765,29.51,29.44
EOD/GM,2015-09-23 00:00:00.000,30.01,29.585,30.14,29.72
EOD/GM,2015-09-22 00:00:00.000,29.42,29.41,30.06,30.03
EOD/GM,2015-09-21 00:00:00.000,30.67,30.38,30.955,30.62
EOD/GM,2015-09-18 00:00:00.000,30.98,30.465,31.12,30.51
EOD/GM,2015-09-17 00:00:00.000,31.25,31.13,31.81,31.31
EOD/GM,2015-09-16 00:00:00.000,31.08,30.92,31.57,31.2
EOD/GM,2015-09-15 00:00:00.000,30.77,30.765,31.55,30.99
EOD/GM,2015-09-14 00:00:00.000,30.11,30.06,30.77,30.72
EOD/GM,2015-09-11 00:00:00.000,30.01,29.575,30.2,30.15
EOD/GM,2015-09-10 00:00:00.000,29.19,29.19,30.465,30
EOD/GM,2015-09-09 00:00:00.000,30.2,29.52,30.4,29.62
EOD/GM,2015-09-08 00:00:00.000,29.5,29.5,29.94,29.88
EOD/GM,2015-09-04 00:00:00.000,28.78,28.57,29.04,28.88
EOD/GM,2015-09-03 00:00:00.000,29.38,29.02,29.71,29.11
EOD/GM,2015-09-02 00:00:00.000,29,28.615,29.22,29.21
EOD/GM,2015-09-01 00:00:00.000,29.01,28.4,29.37,28.64
EOD/GM,2015-08-31 00:00:00.000,29.06,29.02,29.685,29.44
EOD/GM,2015-08-28 00:00:00.000,28.59,28.5303,29.14,29
EOD/GM,2015-08-27 00:00:00.000,28.5,28.02,28.82,28.58
EOD/GM,2015-08-26 00:00:00.000,27.62,26.9,28.2,28.1
EOD/GM,2015-08-25 00:00:00.000,29.2,27.28,29.2,27.28
EOD/GM,2015-08-24 00:00:00.000,27.3,24.62,28.9,27.8
EOD/GM,2015-08-21 00:00:00.000,30.46,29.57,30.53,29.6
EOD/GM,2015-08-20 00:00:00.000,31.46,30.83,31.46,30.84
EOD/GM,2015-08-19 00:00:00.000,31.61,31.37,32.05,31.63
EOD/GM,2015-08-18 00:00:00.000,31.41,31.34,31.77,31.71
EOD/GM,2015-08-17 00:00:00.000,31.47,31.17,31.68,31.61
EOD/GM,2015-08-14 00:00:00.000,31.14,31.06,31.55,31.49
EOD/GM,2015-08-13 00:00:00.000,30.87,30.81,31.25,31.06
EOD/GM,2015-08-12 00:00:00.000,30.43,29.79,31,30.87
EOD/GM,2015-08-11 00:00:00.000,31.29,30.59,31.31,30.83
EOD/GM,2015-08-10 00:00:00.000,31.95,31.86,32.25,31.94
EOD/GM,2015-08-07 00:00:00.000,32.09,31.6,32.14,31.74
EOD/GM,2015-08-06 00:00:00.000,31.59,31.14,31.93,31.86
EOD/GM,2015-08-05 00:00:00.000,31.77,31.2,31.77,31.6
EOD/GM,2015-08-04 00:00:00.000,31.66,31.39,31.765,31.52
EOD/GM,2015-08-03 00:00:00.000,31.79,31.31,31.89,31.68
EOD/GM,2015-07-31 00:00:00.000,32.08,31.43,32.13,31.51
EOD/GM,2015-07-30 00:00:00.000,31.89,31.75,32.05,31.91
EOD/GM,2015-07-29 00:00:00.000,31.48,31.43,32.06,31.95
EOD/GM,2015-07-28 00:00:00.000,31.49,31.22,31.64,31.32
EOD/GM,2015-07-27 00:00:00.000,30.95,30.6,31.32,31.05
EOD/GM,2015-07-24 00:00:00.000,31.9,30.82,31.94,31.06
EOD/GM,2015-07-23 00:00:00.000,32.66,31.4,32.7,31.5
EOD/GM,2015-07-22 00:00:00.000,30.33,29.885,30.52,30.3
EOD/GM,2015-07-21 00:00:00.000,30.51,30.315,30.56,30.39
EOD/GM,2015-07-20 00:00:00.000,30.85,30.42,30.85,30.5
EOD/GM,2015-07-17 00:00:00.000,30.64,30.43,30.8,30.65
EOD/GM,2015-07-16 00:00:00.000,31.14,30.31,31.2,30.61
EOD/GM,2015-07-15 00:00:00.000,31.85,31.3,31.9,31.43
EOD/GM,2015-07-14 00:00:00.000,31.59,31.43,31.99,31.77
EOD/GM,2015-07-13 00:00:00.000,31.87,31.46,31.9,31.68
EOD/GM,2015-07-10 00:00:00.000,31.3,30.99,31.42,31.4
EOD/GM,2015-07-09 00:00:00.000,31.62,30.92,31.75,31.01
EOD/GM,2015-07-08 00:00:00.000,32.39,30.94,32.41,31.19
EOD/GM,2015-07-07 00:00:00.000,32.62,32.01,32.95,32.86
EOD/GM,2015-07-06 00:00:00.000,32.85,32.61,33.115,32.65
EOD/GM,2015-07-02 00:00:00.000,33.19,33.06,33.45,33.23
EOD/GM,2015-07-01 00:00:00.000,33.61,32.679,33.61,33.04
EOD/GM,2015-06-30 00:00:00.000,33.5,33.06,33.57,33.33
EOD/GM,2015-06-29 00:00:00.000,34.12,33.2,34.17,33.23
EOD/GM,2015-06-26 00:00:00.000,34.7,34.28,34.82,34.38
EOD/GM,2015-06-25 00:00:00.000,35.21,34.57,35.32,34.7
EOD/GM,2015-06-24 00:00:00.000,35.91,35.11,35.97,35.16
EOD/GM,2015-06-23 00:00:00.000,36.37,36.27,36.48,36.3
EOD/GM,2015-06-22 00:00:00.000,36.29,36.13,36.5399,36.19
EOD/GM,2015-06-19 00:00:00.000,36.12,35.95,36.33,36.11
EOD/GM,2015-06-18 00:00:00.000,35.87,35.85,36.48,36.2
EOD/GM,2015-06-17 00:00:00.000,35.68,35.285,35.81,35.81
EOD/GM,2015-06-16 00:00:00.000,35.36,35.165,35.7766,35.61
EOD/GM,2015-06-15 00:00:00.000,35.35,35.01,35.73,35.46
EOD/GM,2015-06-12 00:00:00.000,35.38,35.38,35.9,35.71
EOD/GM,2015-06-11 00:00:00.000,35.72,35.55,36.01,35.55
EOD/GM,2015-06-10 00:00:00.000,35.45,35.29,35.62,35.59
EOD/GM,2015-06-09 00:00:00.000,35.11,35,35.32,35.26
EOD/GM,2015-06-08 00:00:00.000,34.86,34.8,35.12,34.99
EOD/GM,2015-06-05 00:00:00.000,35.5,34.96,35.55,35.12
EOD/GM,2015-06-04 00:00:00.000,35.66,35.47,35.87,35.54
EOD/GM,2015-06-03 00:00:00.000,36.37,35.87,36.4227,35.94
EOD/GM,2015-06-02 00:00:00.000,36.09,35.97,36.5,36.22
EOD/GM,2015-06-01 00:00:00.000,36.06,35.65,36.34,36.18
EOD/GM,2015-05-29 00:00:00.000,36.49,35.85,36.575,35.97
EOD/GM,2015-05-28 00:00:00.000,36.11,35.97,36.48,36.39
EOD/GM,2015-05-27 00:00:00.000,35.52,35.43,35.81,35.81
EOD/GM,2015-05-26 00:00:00.000,35.45,35.43,35.6,35.52
EOD/GM,2015-05-22 00:00:00.000,35.52,35.42,35.74,35.7
EOD/GM,2015-05-21 00:00:00.000,35,35,35.66,35.58
EOD/GM,2015-05-20 00:00:00.000,35.24,34.66,35.3,35.02
EOD/GM,2015-05-19 00:00:00.000,35.17,34.96,35.24,35.12
EOD/GM,2015-05-18 00:00:00.000,34.97,34.85,35.205,35.05
EOD/GM,2015-05-15 00:00:00.000,34.7,34.7,34.98,34.91
EOD/GM,2015-05-14 00:00:00.000,35,34.53,35.04,34.65
EOD/GM,2015-05-13 00:00:00.000,34.78,34.71,34.97,34.8
EOD/GM,2015-05-12 00:00:00.000,34.96,34.51,34.96,34.74
EOD/GM,2015-05-11 00:00:00.000,35.3,35.17,35.59,35.22
EOD/GM,2015-05-08 00:00:00.000,35.05,35.03,35.46,35.32
EOD/GM,2015-05-07 00:00:00.000,34.64,34.55,35.03,34.88
EOD/GM,2015-05-06 00:00:00.000,35.14,34.55,35.23,34.77
EOD/GM,2015-05-05 00:00:00.000,35.4,34.99,35.52,35.01
EOD/GM,2015-05-04 00:00:00.000,35.5,35.4,35.72,35.4
EOD/GM,2015-05-01 00:00:00.000,35.17,34.81,35.47,35.42
EOD/GM,2015-04-30 00:00:00.000,35.26,34.93,35.43,35.06
EOD/GM,2015-04-29 00:00:00.000,35.5,35.245,35.7,35.51
EOD/GM,2015-04-28 00:00:00.000,35.75,35.17,35.96,35.72
EOD/GM,2015-04-27 00:00:00.000,35.65,35.56,35.95,35.78
EOD/GM,2015-04-24 00:00:00.000,35.72,35.44,35.81,35.59
EOD/GM,2015-04-23 00:00:00.000,36.25,35.58,36.3,35.92
EOD/GM,2015-04-22 00:00:00.000,37.13,36.67,37.22,37.16
EOD/GM,2015-04-21 00:00:00.000,37.33,36.825,37.45,37.16
EOD/GM,2015-04-20 00:00:00.000,36.95,36.75,37.17,37.11
EOD/GM,2015-04-17 00:00:00.000,36.83,36.5,36.85,36.64
EOD/GM,2015-04-16 00:00:00.000,37.13,36.74,37.18,37.08
EOD/GM,2015-04-15 00:00:00.000,36.82,36.65,37.08,36.94
EOD/GM,2015-04-14 00:00:00.000,36.46,36.44,36.82,36.48
EOD/GM,2015-04-13 00:00:00.000,36.63,36.385,36.86,36.4
EOD/GM,2015-04-10 00:00:00.000,36.74,36.37,36.78,36.57
EOD/GM,2015-04-09 00:00:00.000,36.1,36.03,36.39,36.29
EOD/GM,2015-04-08 00:00:00.000,35.89,35.75,36.19,36.11
EOD/GM,2015-04-07 00:00:00.000,35.99,35.64,36.09,35.73
EOD/GM,2015-04-06 00:00:00.000,36.26,36.21,36.97,36.66
EOD/GM,2015-04-02 00:00:00.000,36.61,36.33,36.73,36.5
EOD/GM,2015-04-01 00:00:00.000,37.27,36.56,37.37,36.74
EOD/GM,2015-03-31 00:00:00.000,37.68,37.465,38.04,37.5
EOD/GM,2015-03-30 00:00:00.000,37.58,37.53,37.87,37.68
EOD/GM,2015-03-27 00:00:00.000,37.34,37.08,37.48,37.31
EOD/GM,2015-03-26 00:00:00.000,37.7,37.15,37.91,37.35
EOD/GM,2015-03-25 00:00:00.000,37.88,37.37,37.91,37.38
EOD/GM,2015-03-24 00:00:00.000,38.52,37.75,38.52,37.85
EOD/GM,2015-03-23 00:00:00.000,38.81,38.59,38.995,38.59
EOD/GM,2015-03-20 00:00:00.000,38.76,38.55,38.93,38.87
EOD/GM,2015-03-19 00:00:00.000,38.45,38.29,38.78,38.65
EOD/GM,2015-03-18 00:00:00.000,38.17,37.78,38.6,38.5
EOD/GM,2015-03-17 00:00:00.000,38.15,38.06,38.47,38.29
EOD/GM,2015-03-16 00:00:00.000,38.27,38.21,38.6,38.58
EOD/GM,2015-03-13 00:00:00.000,38.39,37.73,38.39,38.05
EOD/GM,2015-03-12 00:00:00.000,37.86,37.84,38.47,38.43
EOD/GM,2015-03-11 00:00:00.000,37.6,37.52,38.13,37.78
EOD/GM,2015-03-10 00:00:00.000,37.43,37.15,37.78,37.55
EOD/GM,2015-03-09 00:00:00.000,37.55,37.32,37.81,37.66
EOD/GM,2015-03-06 00:00:00.000,37.46,36.73,37.55,36.84
EOD/GM,2015-03-05 00:00:00.000,37.64,37.56,37.82,37.61
EOD/GM,2015-03-04 00:00:00.000,37.63,37.3,37.8,37.57
EOD/GM,2015-03-03 00:00:00.000,37.38,37.3,37.81,37.8
EOD/GM,2015-03-02 00:00:00.000,37.41,37.36,37.71,37.61
EOD/GM,2015-02-27 00:00:00.000,37.38,37.11,37.45,37.31
EOD/GM,2015-02-26 00:00:00.000,37.81,37.511,38.13,37.56
EOD/GM,2015-02-25 00:00:00.000,37.79,37.61,37.96,37.86
EOD/GM,2015-02-24 00:00:00.000,37.62,37.58,37.91,37.75
EOD/GM,2015-02-23 00:00:00.000,37.62,37.335,37.77,37.69
EOD/GM,2015-02-20 00:00:00.000,37.49,37.16,37.72,37.65
EOD/GM,2015-02-19 00:00:00.000,37.03,36.98,37.61,37.51
EOD/GM,2015-02-18 00:00:00.000,37.25,37.131,37.475,37.19
EOD/GM,2015-02-17 00:00:00.000,37.2,37.05,37.465,37.24
EOD/GM,2015-02-13 00:00:00.000,37.93,37.35,38.07,37.62
EOD/GM,2015-02-12 00:00:00.000,37.85,37.73,38.18,38.02
EOD/GM,2015-02-11 00:00:00.000,37.51,37.28,37.86,37.67
EOD/GM,2015-02-10 00:00:00.000,37.28,36.4,37.55,37.52
EOD/GM,2015-02-09 00:00:00.000,35.79,35.51,36.1,36
EOD/GM,2015-02-06 00:00:00.000,36.26,35.92,36.54,36
EOD/GM,2015-02-05 00:00:00.000,36.28,36.01,36.6,36.25
EOD/GM,2015-02-04 00:00:00.000,35.27,34.15,35.98,35.83
EOD/GM,2015-02-03 00:00:00.000,33.5,33.44,34.2,33.98
EOD/GM,2015-02-02 00:00:00.000,32.67,32.44,33.15,33.11
EOD/GM,2015-01-30 00:00:00.000,32.88,32.62,33.15,32.62
EOD/GM,2015-01-29 00:00:00.000,32.91,32.36,33.34,33.16
EOD/GM,2015-01-28 00:00:00.000,33.51,32.75,33.5701,32.84
EOD/GM,2015-01-27 00:00:00.000,33.4,33.15,33.69,33.42
EOD/GM,2015-01-26 00:00:00.000,33.71,33.6,34.04,33.7
EOD/GM,2015-01-23 00:00:00.000,33.9,33.71,34.18,33.75
EOD/GM,2015-01-22 00:00:00.000,34.15,33.31,34.18,33.82
EOD/GM,2015-01-21 00:00:00.000,33.82,33.52,34.12,33.89
EOD/GM,2015-01-20 00:00:00.000,33.9,33.3501,34.01,33.93
EOD/GM,2015-01-16 00:00:00.000,33.31,33.27,33.79,33.68
EOD/GM,2015-01-15 00:00:00.000,34.78,33.38,34.87,33.43
EOD/GM,2015-01-14 00:00:00.000,34.36,33.59,34.57,34.3
EOD/GM,2015-01-13 00:00:00.000,36.08,34.68,36.4,35.25
EOD/GM,2015-01-12 00:00:00.000,35.81,35.47,35.94,35.84
EOD/GM,2015-01-09 00:00:00.000,36.21,35.41,36.37,35.59
EOD/GM,2015-01-08 00:00:00.000,36.06,35.8,36.45,36.2
EOD/GM,2015-01-07 00:00:00.000,35.23,35.04,35.95,35.84
EOD/GM,2015-01-06 00:00:00.000,34.41,34.095,35.22,34.85
EOD/GM,2015-01-05 00:00:00.000,34.98,34.07,35.25,34.33
EOD/GM,2015-01-02 00:00:00.000,35.27,34.41,35.31,34.84
EOD/GM,2014-12-31 00:00:00.000,35.24,34.89,35.45,34.91
EOD/GM,2014-12-30 00:00:00.000,34.56,34.41,35.2,35.09
EOD/GM,2014-12-29 00:00:00.000,33.87,33.79,34.83,34.6
EOD/GM,2014-12-26 00:00:00.000,33.55,33.45,33.85,33.73
EOD/GM,2014-12-24 00:00:00.000,33.53,33.24,33.59,33.43
EOD/GM,2014-12-23 00:00:00.000,33.48,33.38,33.7,33.56
EOD/GM,2014-12-22 00:00:00.000,32.63,32.62,33.31,33.23
EOD/GM,2014-12-19 00:00:00.000,31.76,31.75,32.93,32.81
EOD/GM,2014-12-18 00:00:00.000,31.64,31.17,31.75,31.75
EOD/GM,2014-12-17 00:00:00.000,30.81,30.64,31.295,31.15
EOD/GM,2014-12-16 00:00:00.000,30.62,30.3,31.055,30.73
EOD/GM,2014-12-15 00:00:00.000,31.7,30.98,31.77,31
EOD/GM,2014-12-12 00:00:00.000,31.94,31.57,32.155,31.57
EOD/GM,2014-12-11 00:00:00.000,32.14,31.99,32.69,32.19
EOD/GM,2014-12-10 00:00:00.000,32.72,31.87,32.85,31.97
EOD/GM,2014-12-09 00:00:00.000,32.28,32.17,32.87,32.81
EOD/GM,2014-12-08 00:00:00.000,33.52,32.61,33.56,32.68
EOD/GM,2014-12-05 00:00:00.000,33.23,33.17,34.09,33.93
EOD/GM,2014-12-04 00:00:00.000,33.66,33.0366,33.67,33.09
EOD/GM,2014-12-03 00:00:00.000,33.37,33.35,33.78,33.64
EOD/GM,2014-12-02 00:00:00.000,33.05,32.99,33.62,33.26
EOD/GM,2014-12-01 00:00:00.000,33.31,32.86,33.47,32.94
EOD/GM,2014-11-28 00:00:00.000,32.4,32.23,33.54,33.43
EOD/GM,2014-11-26 00:00:00.000,32.27,31.945,32.3,32.07
EOD/GM,2014-11-25 00:00:00.000,32.25,31.97,32.38,32.23
EOD/GM,2014-11-24 00:00:00.000,32.25,31.77,32.35,32.19
EOD/GM,2014-11-21 00:00:00.000,32.54,31.965,32.55,32.13
EOD/GM,2014-11-20 00:00:00.000,31.96,31.8,32.2579,32.13
EOD/GM,2014-11-19 00:00:00.000,32.21,31.94,32.31,32.15
EOD/GM,2014-11-18 00:00:00.000,32.41,31.87,32.49,32.27
EOD/GM,2014-11-17 00:00:00.000,32,31.9,32.49,32.31
EOD/GM,2014-11-14 00:00:00.000,31.65,31.48,32.01,31.79
EOD/GM,2014-11-13 00:00:00.000,31.51,31.465,31.9,31.65
EOD/GM,2014-11-12 00:00:00.000,31.3,31.11,31.545,31.42
EOD/GM,2014-11-11 00:00:00.000,31.04,31,31.4,31.35
EOD/GM,2014-11-10 00:00:00.000,31.33,30.82,31.5,31.12
EOD/GM,2014-11-07 00:00:00.000,31.31,31.24,31.74,31.59
EOD/GM,2014-11-06 00:00:00.000,30.7,30.65,31.46,31.37
EOD/GM,2014-11-05 00:00:00.000,31.15,30.56,31.18,30.73
EOD/GM,2014-11-04 00:00:00.000,31.04,30.68,31.31,30.82
EOD/GM,2014-11-03 00:00:00.000,31.35,30.79,31.46,31.18
EOD/GM,2014-10-31 00:00:00.000,31.15,30.95,31.62,31.4
EOD/GM,2014-10-30 00:00:00.000,30.57,30.45,31.03,30.78
EOD/GM,2014-10-29 00:00:00.000,31.2,30.35,31.33,30.72
EOD/GM,2014-10-28 00:00:00.000,30.39,30.135,31.22,31.17
EOD/GM,2014-10-27 00:00:00.000,30.15,29.82,30.49,30.08
EOD/GM,2014-10-24 00:00:00.000,31.04,29.98,31.28,30.04
EOD/GM,2014-10-23 00:00:00.000,31.95,30.81,31.99,30.93
EOD/GM,2014-10-22 00:00:00.000,30.61,30.57,31.505,31.31
EOD/GM,2014-10-21 00:00:00.000,30.5,30.32,31.07,30.84
EOD/GM,2014-10-20 00:00:00.000,30.22,30.02,30.52,30.34
EOD/GM,2014-10-17 00:00:00.000,30.38,30.165,30.97,30.24
EOD/GM,2014-10-16 00:00:00.000,29.13,29.09,30.15,29.94
EOD/GM,2014-10-15 00:00:00.000,29.67,28.82,30.26,29.69
EOD/GM,2014-10-14 00:00:00.000,29.9,29.85,30.38,30.11
EOD/GM,2014-10-13 00:00:00.000,30.29,29.725,30.62,29.79
EOD/GM,2014-10-10 00:00:00.000,30.28,30.09,30.94,30.29
EOD/GM,2014-10-09 00:00:00.000,32.09,30.81,32.13,31.03
EOD/GM,2014-10-08 00:00:00.000,31.84,30.79,32.22,32.18
EOD/GM,2014-10-07 00:00:00.000,33.04,31.65,33.04,31.77
EOD/GM,2014-10-06 00:00:00.000,33.84,33.37,34.24,33.75
EOD/GM,2014-10-03 00:00:00.000,33.43,33.25,33.9,33.76
EOD/GM,2014-10-02 00:00:00.000,32.53,32.49,33.4,33.18
EOD/GM,2014-10-01 00:00:00.000,31.97,31.71,33.03,32.49
EOD/GM,2014-09-30 00:00:00.000,32.24,31.67,32.54,31.94
EOD/GM,2014-09-29 00:00:00.000,32.97,31.98,33.16,32.22
EOD/GM,2014-09-26 00:00:00.000,33.04,32.935,33.305,33.17
EOD/GM,2014-09-25 00:00:00.000,33.57,32.83,33.65,32.87
EOD/GM,2014-09-24 00:00:00.000,33.33,33.02,33.68,33.65
EOD/GM,2014-09-23 00:00:00.000,33.24,33.14,33.58,33.22
EOD/GM,2014-09-22 00:00:00.000,33.74,33.085,33.84,33.44
EOD/GM,2014-09-19 00:00:00.000,34.23,33.77,34.24,33.94
EOD/GM,2014-09-18 00:00:00.000,33.93,33.93,34.22,34.03
EOD/GM,2014-09-17 00:00:00.000,33.72,33.67,34.14,33.85
EOD/GM,2014-09-16 00:00:00.000,33.49,33.45,33.95,33.71
EOD/GM,2014-09-15 00:00:00.000,33.16,33.15,33.8,33.63
EOD/GM,2014-09-12 00:00:00.000,33.48,33.105,33.6,33.27
EOD/GM,2014-09-11 00:00:00.000,33.16,33.15,33.695,33.61
EOD/GM,2014-09-10 00:00:00.000,33.12,33.0589,33.34,33.29
EOD/GM,2014-09-09 00:00:00.000,33.2,33.01,33.3,33.07
EOD/GM,2014-09-08 00:00:00.000,34.03,33.15,34.15,33.24
EOD/GM,2014-09-05 00:00:00.000,34.59,34.23,34.61,34.58
EOD/GM,2014-09-04 00:00:00.000,34.49,34.44,34.92,34.63
EOD/GM,2014-09-03 00:00:00.000,35.06,34.46,35.12,34.47
EOD/GM,2014-09-02 00:00:00.000,34.88,34.62,35.14,34.8
EOD/GM,2014-08-29 00:00:00.000,34.74,34.61,34.85,34.8
EOD/GM,2014-08-28 00:00:00.000,34.49,34.22,34.75,34.68
EOD/GM,2014-08-27 00:00:00.000,34.92,34.58,34.93,34.71
EOD/GM,2014-08-26 00:00:00.000,34.76,34.63,35,34.85
EOD/GM,2014-08-25 00:00:00.000,34.43,34.31,34.74,34.67
EOD/GM,2014-08-22 00:00:00.000,34.51,34.155,34.52,34.24
EOD/GM,2014-08-21 00:00:00.000,34.62,34.46,34.73,34.6
EOD/GM,2014-08-20 00:00:00.000,34.49,34.3,34.72,34.53
EOD/GM,2014-08-19 00:00:00.000,34.69,34.33,34.75,34.57
EOD/GM,2014-08-18 00:00:00.000,34.09,34.04,34.44,34.4
EOD/GM,2014-08-15 00:00:00.000,34.05,33.51,34.16,33.84
EOD/GM,2014-08-14 00:00:00.000,33.81,33.215,33.955,33.95
EOD/GM,2014-08-13 00:00:00.000,33.93,33.78,34.07,33.95
EOD/GM,2014-08-12 00:00:00.000,33.75,33.551,34.14,33.7
EOD/GM,2014-08-11 00:00:00.000,33.64,33.41,33.85,33.8
EOD/GM,2014-08-08 00:00:00.000,33.09,33.09,33.56,33.53
EOD/GM,2014-08-07 00:00:00.000,33.56,32.8,33.63,33.11
EOD/GM,2014-08-06 00:00:00.000,33.23,33.23,33.67,33.4
EOD/GM,2014-08-05 00:00:00.000,33.57,33.15,33.805,33.36
EOD/GM,2014-08-04 00:00:00.000,33.76,33.5,34.021,33.61
EOD/GM,2014-08-01 00:00:00.000,33.79,33.3,34,33.44
EOD/GM,2014-07-31 00:00:00.000,34.15,33.78,34.24,33.82
EOD/GM,2014-07-30 00:00:00.000,34.5,34.01,34.66,34.31
EOD/GM,2014-07-29 00:00:00.000,35.01,34.43,35.2,34.45
EOD/GM,2014-07-28 00:00:00.000,35.03,34.78,35.09,34.9
EOD/GM,2014-07-25 00:00:00.000,35.1,34.555,35.29,35.07
EOD/GM,2014-07-24 00:00:00.000,36.67,35.315,36.85,35.74
EOD/GM,2014-07-23 00:00:00.000,37.79,37.41,37.92,37.41
EOD/GM,2014-07-22 00:00:00.000,37.56,37.53,37.9,37.76
EOD/GM,2014-07-21 00:00:00.000,37.38,37.05,37.53,37.43
EOD/GM,2014-07-18 00:00:00.000,37.34,37.06,37.42,37.41
EOD/GM,2014-07-17 00:00:00.000,37.31,37.01,37.67,37.1
EOD/GM,2014-07-16 00:00:00.000,37.77,37.46,37.91,37.48
EOD/GM,2014-07-15 00:00:00.000,37.61,37.435,37.95,37.58
EOD/GM,2014-07-14 00:00:00.000,38.1,37.56,38.13,37.7
EOD/GM,2014-07-11 00:00:00.000,37.72,37.59,38.01,37.95
EOD/GM,2014-07-10 00:00:00.000,37.48,37.35,37.9,37.75
EOD/GM,2014-07-09 00:00:00.000,37.66,37.63,38.13,37.97
EOD/GM,2014-07-08 00:00:00.000,37.41,37.2,37.77,37.58
EOD/GM,2014-07-07 00:00:00.000,37.91,37.17,37.91,37.44
EOD/GM,2014-07-03 00:00:00.000,37.96,37.72,38.1099,37.74
EOD/GM,2014-07-02 00:00:00.000,37.5,37.37,38.15,37.74
EOD/GM,2014-07-01 00:00:00.000,36.25,36.25,37.64,37.59
EOD/GM,2014-06-30 00:00:00.000,36.59,35.98,36.9,36.3
EOD/GM,2014-06-27 00:00:00.000,36.73,36.62,37.03,36.62
EOD/GM,2014-06-26 00:00:00.000,36.89,36.41,36.97,36.9
EOD/GM,2014-06-25 00:00:00.000,36.46,36.45,37.18,37.09
EOD/GM,2014-06-24 00:00:00.000,36.62,36.47,37.07,36.58
EOD/GM,2014-06-23 00:00:00.000,36.21,36.19,36.8,36.67
EOD/GM,2014-06-20 00:00:00.000,36.55,36.1,36.58,36.22
EOD/GM,2014-06-19 00:00:00.000,36.35,36.2,36.64,36.37
EOD/GM,2014-06-18 00:00:00.000,36.36,35.93,36.47,36.3
EOD/GM,2014-06-17 00:00:00.000,35.87,35.62,36.38,36.36
EOD/GM,2014-06-16 00:00:00.000,35.49,35.49,36.18,36.06
EOD/GM,2014-06-13 00:00:00.000,35.38,35.38,35.78,35.63
EOD/GM,2014-06-12 00:00:00.000,36,35.49,36.278,35.52
EOD/GM,2014-06-11 00:00:00.000,36.23,35.92,36.29,36.12
EOD/GM,2014-06-10 00:00:00.000,36.28,36.18,36.7,36.4
EOD/GM,2014-06-09 00:00:00.000,36.47,36.34,36.83,36.5
EOD/GM,2014-06-06 00:00:00.000,36.07,35.75,36.75,36.55
EOD/GM,2014-06-05 00:00:00.000,36.96,36.16,37.04,36.27
EOD/GM,2014-06-04 00:00:00.000,35.5,35.35,36.88,36.52
EOD/GM,2014-06-03 00:00:00.000,35.12,34.75,35.69,35.26
EOD/GM,2014-06-02 00:00:00.000,34.54,34.29,34.9,34.86
EOD/GM,2014-05-30 00:00:00.000,34.3,34.2,34.64,34.58
EOD/GM,2014-05-29 00:00:00.000,34.6,34.25,34.65,34.45
EOD/GM,2014-05-28 00:00:00.000,34.09,33.96,34.62,34.59
EOD/GM,2014-05-27 00:00:00.000,33.92,33.77,33.98,33.94
EOD/GM,2014-05-23 00:00:00.000,33.49,33.41,33.685,33.63
EOD/GM,2014-05-22 00:00:00.000,33.39,33.31,33.7,33.42
EOD/GM,2014-05-21 00:00:00.000,33.15,33.1,33.62,33.46
EOD/GM,2014-05-20 00:00:00.000,34.16,32.96,34.3,33.07
EOD/GM,2014-05-19 00:00:00.000,33.84,33.8,34.35,34.25
EOD/GM,2014-05-16 00:00:00.000,33.75,33.49,34.65,34
EOD/GM,2014-05-15 00:00:00.000,34.61,33.83,34.75,34.36
EOD/GM,2014-05-14 00:00:00.000,35.1,34.8,35.11,34.94
EOD/GM,2014-05-13 00:00:00.000,34.84,34.6007,35.19,35.15
EOD/GM,2014-05-12 00:00:00.000,34.38,34.38,34.94,34.82
EOD/GM,2014-05-09 00:00:00.000,34.8,34.15,34.9,34.23
EOD/GM,2014-05-08 00:00:00.000,34.98,34.73,35.43,34.85
EOD/GM,2014-05-07 00:00:00.000,34.96,34.61,35.11,35.07
EOD/GM,2014-05-06 00:00:00.000,35.07,34.75,35.14,34.75
EOD/GM,2014-05-05 00:00:00.000,34.84,34.63,34.89,34.75
EOD/GM,2014-05-02 00:00:00.000,35.03,34.86,35.33,34.97
EOD/GM,2014-05-01 00:00:00.000,34.67,34.54,35.4,34.9
EOD/GM,2014-04-30 00:00:00.000,33.84,33.84,34.54,34.48
EOD/GM,2014-04-29 00:00:00.000,33.7,33.624,34.1,33.99
EOD/GM,2014-04-28 00:00:00.000,33.93,33.515,33.94,33.76
EOD/GM,2014-04-25 00:00:00.000,33.55,33.55,34.08,33.72
EOD/GM,2014-04-24 00:00:00.000,35.5,33.52,35.7,34.17
EOD/GM,2014-04-23 00:00:00.000,34.29,34.102,34.61,34.39
EOD/GM,2014-04-22 00:00:00.000,34.03,34,34.44,34.23
EOD/GM,2014-04-21 00:00:00.000,33.95,33.75,34.21,33.98
EOD/GM,2014-04-17 00:00:00.000,33.83,33.8,34.09,33.98
EOD/GM,2014-04-16 00:00:00.000,33.69,33.32,33.99,33.97
EOD/GM,2014-04-15 00:00:00.000,32.81,32.29,33.44,33.36
EOD/GM,2014-04-14 00:00:00.000,32.29,32.15,32.88,32.55
EOD/GM,2014-04-11 00:00:00.000,33,31.7,33.09,31.93
EOD/GM,2014-04-10 00:00:00.000,33.71,33.3,34.06,33.3
EOD/GM,2014-04-09 00:00:00.000,33.9,33.6,34.24,33.62
EOD/GM,2014-04-08 00:00:00.000,34.15,33.85,34.6,34.53
EOD/GM,2014-04-07 00:00:00.000,34.67,33.82,34.73,34.11
EOD/GM,2014-04-04 00:00:00.000,35.58,34.65,35.7,34.81
EOD/GM,2014-04-03 00:00:00.000,34.94,34.73,35.5,35.44
EOD/GM,2014-04-02 00:00:00.000,34.65,34.38,35.05,34.88
EOD/GM,2014-04-01 00:00:00.000,34.5,34.32,35.14,34.34
EOD/GM,2014-03-31 00:00:00.000,34.53,33.95,34.79,34.42
EOD/GM,2014-03-28 00:00:00.000,34.64,34.56,35.02,34.73
EOD/GM,2014-03-27 00:00:00.000,34.28,34.11,34.99,34.51
EOD/GM,2014-03-26 00:00:00.000,34.68,34.2,34.74,34.22
EOD/GM,2014-03-25 00:00:00.000,35.13,34.19,35.18,34.51
EOD/GM,2014-03-24 00:00:00.000,34.69,34.28,35.17,35.14
EOD/GM,2014-03-21 00:00:00.000,35.39,34.775,35.5,35.01
EOD/GM,2014-03-20 00:00:00.000,34.79,34.4,35.27,35.26
EOD/GM,2014-03-19 00:00:00.000,35.28,34.6,35.3255,34.91
EOD/GM,2014-03-18 00:00:00.000,34.68,34.5,35.24,35.17
EOD/GM,2014-03-17 00:00:00.000,34.14,33.71,34.69,34.63
EOD/GM,2014-03-14 00:00:00.000,33.85,33.573,34.56,34.09
EOD/GM,2014-03-13 00:00:00.000,35.04,33.87,35.16,34.09
EOD/GM,2014-03-12 00:00:00.000,34.76,34.37,35.25,34.86
EOD/GM,2014-03-11 00:00:00.000,37,35.02,37.12,35.18
EOD/GM,2014-03-10 00:00:00.000,37.56,36.76,37.56,37.09
EOD/GM,2014-03-07 00:00:00.000,37.94,37.45,38.01,37.69
EOD/GM,2014-03-06 00:00:00.000,37.87,37.54,38.05,37.54
EOD/GM,2014-03-05 00:00:00.000,37.54,37.334,38.05,37.52
EOD/GM,2014-03-04 00:00:00.000,36.53,36.43,36.99,36.93
EOD/GM,2014-03-03 00:00:00.000,35.7,35.7,36.59,36.21
EOD/GM,2014-02-28 00:00:00.000,36.73,35.89,36.76,36.2
EOD/GM,2014-02-27 00:00:00.000,36.56,35.97,36.85,36.77
EOD/GM,2014-02-26 00:00:00.000,35.95,35.94,37.13,36.83
EOD/GM,2014-02-25 00:00:00.000,36.67,35.995,36.8,36.1
EOD/GM,2014-02-24 00:00:00.000,36.7,36.44,36.815,36.55
EOD/GM,2014-02-21 00:00:00.000,36.68,36.14,36.75,36.69
EOD/GM,2014-02-20 00:00:00.000,36.19,36,36.6,36.51
EOD/GM,2014-02-19 00:00:00.000,36.22,36,36.715,36.03
EOD/GM,2014-02-18 00:00:00.000,36.43,36,36.49,36.31
EOD/GM,2014-02-14 00:00:00.000,35.37,35.25,36.08,35.95
EOD/GM,2014-02-13 00:00:00.000,35.17,34.76,35.22,35.2
EOD/GM,2014-02-12 00:00:00.000,35.49,35.13,35.65,35.56
EOD/GM,2014-02-11 00:00:00.000,35.22,35.19,35.735,35.25
EOD/GM,2014-02-10 00:00:00.000,35.91,34.62,35.92,34.9
EOD/GM,2014-02-07 00:00:00.000,35.97,35.42,36.465,36.11
EOD/GM,2014-02-06 00:00:00.000,34.43,34.36,35.82,35.23
EOD/GM,2014-02-05 00:00:00.000,35.84,34.96,35.84,35.24
EOD/GM,2014-02-04 00:00:00.000,35.47,35.25,35.975,35.82
EOD/GM,2014-02-03 00:00:00.000,36.27,34.91,36.31,35.25
EOD/GM,2014-01-31 00:00:00.000,36.22,35.88,36.84,36.08
EOD/GM,2014-01-30 00:00:00.000,36.88,36.48,37.07,36.84
EOD/GM,2014-01-29 00:00:00.000,36.06,36.01,36.9558,36.35
EOD/GM,2014-01-28 00:00:00.000,37.16,36.72,37.2,36.81
EOD/GM,2014-01-27 00:00:00.000,36.8,36.06,37.28,36.76
EOD/GM,2014-01-24 00:00:00.000,38.07,36.7,38.11,36.83
EOD/GM,2014-01-23 00:00:00.000,38.34,37.91,38.5,38.42
EOD/GM,2014-01-22 00:00:00.000,38.4,38.12,38.82,38.8
EOD/GM,2014-01-21 00:00:00.000,38.89,37.9,39,38.34
EOD/GM,2014-01-17 00:00:00.000,39.07,38.33,39.1,38.6
EOD/GM,2014-01-16 00:00:00.000,39.305,38.76,39.55,39
EOD/GM,2014-01-15 00:00:00.000,39.63,38.96,39.77,39.38
EOD/GM,2014-01-14 00:00:00.000,39.77,39.57,40.16,40.02
EOD/GM,2014-01-13 00:00:00.000,40.16,39.44,40.64,39.58
EOD/GM,2014-01-10 00:00:00.000,40.6,39.84,40.68,40.03
EOD/GM,2014-01-09 00:00:00.000,40.88,40.28,40.94,40.49
EOD/GM,2014-01-08 00:00:00.000,40.33,40.2,40.835,40.42
EOD/GM,2014-01-07 00:00:00.000,40.7,40.1,40.94,40.2
EOD/GM,2014-01-06 00:00:00.000,39.9,39.64,40.585,40.4
EOD/GM,2014-01-03 00:00:00.000,40.92,39,40.95,39.57
EOD/GM,2014-01-02 00:00:00.000,40.68,40.34,41.0599,40.95
EOD/GM,2013-12-31 00:00:00.000,40.7,40.58,41.04,40.87
EOD/GM,2013-12-30 00:00:00.000,41,40.65,41.134,40.69
EOD/GM,2013-12-27 00:00:00.000,41.31,40.86,41.44,40.94
EOD/GM,2013-12-26 00:00:00.000,41.04,41.04,41.85,41.52
EOD/GM,2013-12-24 00:00:00.000,41.25,40.83,41.31,40.88
EOD/GM,2013-12-23 00:00:00.000,40.9,40.61,41.58,41.29
EOD/GM,2013-12-20 00:00:00.000,40.48,40.18,41.05,40.99
EOD/GM,2013-12-19 00:00:00.000,41.14,40.08,41.27,40.3
EOD/GM,2013-12-18 00:00:00.000,41.17,39.86,41.4,41.27
EOD/GM,2013-12-17 00:00:00.000,41.66,41.135,41.85,41.53
EOD/GM,2013-12-16 00:00:00.000,40.56,40.46,41.55,41.44
EOD/GM,2013-12-13 00:00:00.000,40.19,40.02,40.35,40.04
EOD/GM,2013-12-12 00:00:00.000,40.1,40.01,40.61,40.05
EOD/GM,2013-12-11 00:00:00.000,40.76,40.07,40.83,40.16
EOD/GM,2013-12-10 00:00:00.000,40.55,40.395,41.13,40.4
EOD/GM,2013-12-09 00:00:00.000,40.38,40.31,41.165,40.9
EOD/GM,2013-12-06 00:00:00.000,39.99,39.6,40.38,40.17
EOD/GM,2013-12-05 00:00:00.000,38.99,38.55,39.34,39.09
EOD/GM,2013-12-04 00:00:00.000,38.53,38.12,39.62,38.71
EOD/GM,2013-12-03 00:00:00.000,38.89,37.68,39.09,38.14
EOD/GM,2013-12-02 00:00:00.000,39.1,38.91,39.3901,39.11
EOD/GM,2013-11-29 00:00:00.000,38.9,38.5,39.15,38.73
EOD/GM,2013-11-27 00:00:00.000,37.71,37.6,38.99,38.85
EOD/GM,2013-11-26 00:00:00.000,37.7,37.4,37.94,37.67
EOD/GM,2013-11-25 00:00:00.000,37.75,37.39,37.865,37.55
EOD/GM,2013-11-22 00:00:00.000,38.2,37.58,38.5,37.63
EOD/GM,2013-11-21 00:00:00.000,38.85,38.04,39,38.12
EOD/GM,2013-11-20 00:00:00.000,38.11,37.6,38.71,37.69
EOD/GM,2013-11-19 00:00:00.000,38.57,37.89,38.735,38.01
EOD/GM,2013-11-18 00:00:00.000,38.81,38.53,39.18,38.57
EOD/GM,2013-11-15 00:00:00.000,38.51,38.2,39.075,38.77
EOD/GM,2013-11-14 00:00:00.000,38.7,38.15,38.8,38.5
EOD/GM,2013-11-13 00:00:00.000,36.5,36.48,38.525,38.44
EOD/GM,2013-11-12 00:00:00.000,36.67,36.37,36.8,36.66
EOD/GM,2013-11-11 00:00:00.000,36.68,36.5,37.09,36.68
EOD/GM,2013-11-08 00:00:00.000,36.15,36.01,36.77,36.66
EOD/GM,2013-11-07 00:00:00.000,36.61,35.91,36.75,35.92
EOD/GM,2013-11-06 00:00:00.000,37.24,36.57,37.4,36.59
EOD/GM,2013-11-05 00:00:00.000,37.28,37.07,37.51,37.09
EOD/GM,2013-11-04 00:00:00.000,37.5,37.41,37.8,37.47
EOD/GM,2013-11-01 00:00:00.000,37.17,37.05,38.21,37.39
EOD/GM,2013-10-31 00:00:00.000,37.18,36.95,37.99,36.95
EOD/GM,2013-10-30 00:00:00.000,37.2,36.78,37.55,37.23
EOD/GM,2013-10-29 00:00:00.000,35.82,35.505,36.18,36.06
EOD/GM,2013-10-28 00:00:00.000,35.44,35.43,35.97,35.8
EOD/GM,2013-10-25 00:00:00.000,35.67,35.32,35.77,35.59
EOD/GM,2013-10-24 00:00:00.000,35.49,35.1,36.0278,35.63
EOD/GM,2013-10-23 00:00:00.000,35.38,34.53,35.39,35.05
EOD/GM,2013-10-22 00:00:00.000,35.62,35.37,36.13,35.41
EOD/GM,2013-10-21 00:00:00.000,36.26,35.34,36.265,35.5
EOD/GM,2013-10-18 00:00:00.000,36.21,35.68,36.3,35.89
EOD/GM,2013-10-17 00:00:00.000,35.16,34.96,35.79,35.66
EOD/GM,2013-10-16 00:00:00.000,35.02,34.78,35.21,35.13
EOD/GM,2013-10-15 00:00:00.000,35.28,34.51,35.38,34.7
EOD/GM,2013-10-14 00:00:00.000,34.83,34.81,35.445,35.33
EOD/GM,2013-10-11 00:00:00.000,34.79,34.66,35.52,35.35
EOD/GM,2013-10-10 00:00:00.000,34.74,34.61,34.89,34.85
EOD/GM,2013-10-09 00:00:00.000,34.33,33.92,34.39,34.16
EOD/GM,2013-10-08 00:00:00.000,35.25,34.17,35.27,34.21
EOD/GM,2013-10-07 00:00:00.000,35.23,35.02,35.52,35.18
EOD/GM,2013-10-04 00:00:00.000,35.44,35.13,35.795,35.7
EOD/GM,2013-10-03 00:00:00.000,35.76,35.134,35.94,35.29
EOD/GM,2013-10-02 00:00:00.000,35.74,35.23,36,35.94
EOD/GM,2013-10-01 00:00:00.000,36.04,35.32,36.41,35.91
EOD/GM,2013-09-30 00:00:00.000,35.71,35.62,36.315,35.97
EOD/GM,2013-09-27 00:00:00.000,36.77,36.16,36.9,36.37
EOD/GM,2013-09-26 00:00:00.000,37.19,36.76,37.35,36.95
EOD/GM,2013-09-25 00:00:00.000,37.53,37.16,37.78,37.18
EOD/GM,2013-09-24 00:00:00.000,37.16,37.06,37.97,37.44
EOD/GM,2013-09-23 00:00:00.000,37.15,36.55,37.5,37.13
EOD/GM,2013-09-20 00:00:00.000,37.64,36.83,37.68,36.83
EOD/GM,2013-09-19 00:00:00.000,37.84,37.16,37.88,37.23
EOD/GM,2013-09-18 00:00:00.000,36.76,36.71,37.73,37.58
EOD/GM,2013-09-17 00:00:00.000,36.32,36.32,36.98,36.71
EOD/GM,2013-09-16 00:00:00.000,36.47,36.15,36.62,36.22
EOD/GM,2013-09-13 00:00:00.000,36.49,35.99,36.55,36.06
EOD/GM,2013-09-12 00:00:00.000,36.37,35.88,36.56,36.37
EOD/GM,2013-09-11 00:00:00.000,36.53,36.02,36.6,36.35
EOD/GM,2013-09-10 00:00:00.000,36.94,36.715,37.27,37
EOD/GM,2013-09-09 00:00:00.000,36.34,36.25,36.7,36.48
EOD/GM,2013-09-06 00:00:00.000,36.4,35.61,36.615,36.15
EOD/GM,2013-09-05 00:00:00.000,36.01,35.87,36.79,36.33
EOD/GM,2013-09-04 00:00:00.000,34.2,34.17,35.9,35.85
EOD/GM,2013-09-03 00:00:00.000,34.68,33.96,34.77,34.14
EOD/GM,2013-08-30 00:00:00.000,34.5,33.9,34.5399,34.08
EOD/GM,2013-08-29 00:00:00.000,33.82,33.81,34.69,34.45
EOD/GM,2013-08-28 00:00:00.000,33.57,33.5,34.16,33.92
EOD/GM,2013-08-27 00:00:00.000,34.44,33.62,34.609,33.69
EOD/GM,2013-08-26 00:00:00.000,35.03,34.85,35.52,34.92
EOD/GM,2013-08-23 00:00:00.000,35.14,34.86,35.22,35.06
EOD/GM,2013-08-22 00:00:00.000,34.66,34.65,35.05,34.99
EOD/GM,2013-08-21 00:00:00.000,34.78,34.39,34.95,34.53
EOD/GM,2013-08-20 00:00:00.000,34.56,34.05,34.91,34.79
EOD/GM,2013-08-19 00:00:00.000,34.56,34.42,34.83,34.49
EOD/GM,2013-08-16 00:00:00.000,34.59,34.18,34.91,34.38
EOD/GM,2013-08-15 00:00:00.000,35.17,34.41,35.18,34.55
EOD/GM,2013-08-14 00:00:00.000,35.84,35.21,36.0103,35.57
EOD/GM,2013-08-13 00:00:00.000,36.21,35.59,36.21,35.84
EOD/GM,2013-08-12 00:00:00.000,35.76,35.6,36.1,35.98
EOD/GM,2013-08-09 00:00:00.000,35.96,35.7,36.27,36.02
EOD/GM,2013-08-08 00:00:00.000,35.61,35.57,36.11,36.01
EOD/GM,2013-08-07 00:00:00.000,36.01,35.43,36.1,35.48
EOD/GM,2013-08-06 00:00:00.000,36.44,35.96,36.49,35.96
EOD/GM,2013-08-05 00:00:00.000,37.03,36.645,37.05,36.75
EOD/GM,2013-08-02 00:00:00.000,36.44,36.34,37.18,36.95
EOD/GM,2013-08-01 00:00:00.000,36.39,36.01,36.86,36.47
EOD/GM,2013-07-31 00:00:00.000,36.62,35.67,36.72,35.87
EOD/GM,2013-07-30 00:00:00.000,36.53,36.32,36.785,36.5
EOD/GM,2013-07-29 00:00:00.000,36.57,36.15,36.67,36.38
EOD/GM,2013-07-26 00:00:00.000,36.93,36.46,37,36.67
EOD/GM,2013-07-25 00:00:00.000,37.47,36.51,37.71,37.08
EOD/GM,2013-07-24 00:00:00.000,37.105,36.87,37.45,37.14
EOD/GM,2013-07-23 00:00:00.000,36.89,36.52,36.95,36.61
EOD/GM,2013-07-22 00:00:00.000,36.62,36.48,36.99,36.76
EOD/GM,2013-07-19 00:00:00.000,36.89,36.06,36.89,36.61
EOD/GM,2013-07-18 00:00:00.000,36.5,36.33,36.99,36.84
EOD/GM,2013-07-17 00:00:00.000,36.23,36.081,36.56,36.36
EOD/GM,2013-07-16 00:00:00.000,36.87,35.76,36.94,36.18
EOD/GM,2013-07-15 00:00:00.000,36.6,36.28,36.72,36.5
EOD/GM,2013-07-12 00:00:00.000,36.09,35.91,36.58,36.4
EOD/GM,2013-07-11 00:00:00.000,35.72,35.64,36.2,36.14
EOD/GM,2013-07-10 00:00:00.000,34.9,34.84,35.34,35.33
EOD/GM,2013-07-09 00:00:00.000,34.9,34.72,35.25,34.92
EOD/GM,2013-07-08 00:00:00.000,34.78,34.54,35.02,34.64
EOD/GM,2013-07-05 00:00:00.000,34.35,34.24,34.83,34.67
EOD/GM,2013-07-03 00:00:00.000,33.94,33.76,34.4,34.14
EOD/GM,2013-07-02 00:00:00.000,34.04,33.82,34.94,34.1
EOD/GM,2013-07-01 00:00:00.000,33.52,33.41,34.19,34
EOD/GM,2013-06-28 00:00:00.000,33.02,32.8,33.72,33.31
EOD/GM,2013-06-27 00:00:00.000,32.92,32.78,33.5,33.1
EOD/GM,2013-06-26 00:00:00.000,32.18,32.03,32.7,32.55
EOD/GM,2013-06-25 00:00:00.000,31.75,31.54,32.02,31.82
EOD/GM,2013-06-24 00:00:00.000,31.76,31.13,31.84,31.42
EOD/GM,2013-06-21 00:00:00.000,32.96,31.74,32.97,32.21
EOD/GM,2013-06-20 00:00:00.000,33.41,32.279,33.41,32.56
EOD/GM,2013-06-19 00:00:00.000,34.02,33.65,34.25,33.66
EOD/GM,2013-06-18 00:00:00.000,33.8,33.44,34.06,34.01
EOD/GM,2013-06-17 00:00:00.000,34.5,33.6,34.56,33.73
EOD/GM,2013-06-14 00:00:00.000,34.46,34.09,34.62,34.29
EOD/GM,2013-06-13 00:00:00.000,33.36,33.1,34.51,34.5
EOD/GM,2013-06-12 00:00:00.000,34.28,33.24,34.46,33.45
EOD/GM,2013-06-11 00:00:00.000,34.37,33.59,34.4899,33.93
EOD/GM,2013-06-10 00:00:00.000,35.18,34.52,35.24,34.74
EOD/GM,2013-06-07 00:00:00.000,34.79,34,35.1,35.03
EOD/GM,2013-06-06 00:00:00.000,34.12,33.78,34.53,34.44
EOD/GM,2013-06-05 00:00:00.000,35,34,35.07,34.02
EOD/GM,2013-06-04 00:00:00.000,35.4,34.75,35.49,34.96
EOD/GM,2013-06-03 00:00:00.000,34.57,33.38,34.69,34.42
EOD/GM,2013-05-31 00:00:00.000,34.53,33.89,34.78,33.89
EOD/GM,2013-05-30 00:00:00.000,34.04,33.87,34.91,34.64
EOD/GM,2013-05-29 00:00:00.000,33.71,33.45,34.3,34.05
EOD/GM,2013-05-28 00:00:00.000,34,33.75,34.3,33.96
EOD/GM,2013-05-24 00:00:00.000,32.55,32.51,33,32.87
EOD/GM,2013-05-23 00:00:00.000,32.33,32.1,33.11,32.85
EOD/GM,2013-05-22 00:00:00.000,33.22,32.99,33.93,33.23
EOD/GM,2013-05-21 00:00:00.000,33.59,32.88,33.96,33.4
EOD/GM,2013-05-20 00:00:00.000,33.37,33.36,34.01,33.7
EOD/GM,2013-05-17 00:00:00.000,32.99,32.81,33.77,33.42
EOD/GM,2013-05-16 00:00:00.000,32.09,32,32.67,32.39
EOD/GM,2013-05-15 00:00:00.000,31.55,31.51,32.4,32.31
EOD/GM,2013-05-14 00:00:00.000,31.02,31.01,31.7,31.55
EOD/GM,2013-05-13 00:00:00.000,31.16,30.865,31.35,31
EOD/GM,2013-05-10 00:00:00.000,31.55,30.97,31.7,31.42
EOD/GM,2013-05-09 00:00:00.000,32.01,31.62,32.16,31.65
EOD/GM,2013-05-08 00:00:00.000,31.41,31.09,32.19,32.08
EOD/GM,2013-05-07 00:00:00.000,31.92,31.46,32.13,31.65
EOD/GM,2013-05-06 00:00:00.000,32.02,31.78,32.225,31.82
EOD/GM,2013-05-03 00:00:00.000,31.74,31.63,32.44,32.1
EOD/GM,2013-05-02 00:00:00.000,31.305,31.05,31.82,31.16
EOD/GM,2013-05-01 00:00:00.000,30.77,30.11,31.08,30.18
EOD/GM,2013-04-30 00:00:00.000,30.77,30.57,30.97,30.84
EOD/GM,2013-04-29 00:00:00.000,30.62,30.415,30.895,30.79
EOD/GM,2013-04-26 00:00:00.000,30.79,30.03,30.8,30.5
EOD/GM,2013-04-25 00:00:00.000,30.06,30,30.78,30.71
EOD/GM,2013-04-24 00:00:00.000,29.91,29.86,30.8,30.45
EOD/GM,2013-04-23 00:00:00.000,29.34,29.28,29.92,29.85
EOD/GM,2013-04-22 00:00:00.000,29.2,28.85,29.34,29.25
EOD/GM,2013-04-19 00:00:00.000,29.1,28.905,29.26,29.15
EOD/GM,2013-04-18 00:00:00.000,29.25,28.75,29.38,28.98
EOD/GM,2013-04-17 00:00:00.000,29.03,28.7709,29.33,29.27
EOD/GM,2013-04-16 00:00:00.000,29.17,29.17,29.515,29.47
EOD/GM,2013-04-15 00:00:00.000,29.41,28.84,29.69,28.91
EOD/GM,2013-04-12 00:00:00.000,29.57,29.55,29.84,29.62
EOD/GM,2013-04-11 00:00:00.000,28.49,28.44,29.76,29.72
EOD/GM,2013-04-10 00:00:00.000,27.69,27.68,28.51,28.37
EOD/GM,2013-04-09 00:00:00.000,27.77,27.5,27.78,27.53
EOD/GM,2013-04-08 00:00:00.000,27.5,27.4,27.64,27.59
EOD/GM,2013-04-05 00:00:00.000,27.38,27.11,27.56,27.52
EOD/GM,2013-04-04 00:00:00.000,27.75,27.51,28,27.74
EOD/GM,2013-04-03 00:00:00.000,28,27.66,28.1,27.8
EOD/GM,2013-04-02 00:00:00.000,27.96,27.53,28.3,27.93
EOD/GM,2013-04-01 00:00:00.000,27.65,27.65,28.09,27.8
EOD/GM,2013-03-28 00:00:00.000,28.02,27.64,28.09,27.82
EOD/GM,2013-03-27 00:00:00.000,28.05,27.96,28.27,28.06
EOD/GM,2013-03-26 00:00:00.000,28.28,27.99,28.35,28.15
EOD/GM,2013-03-25 00:00:00.000,28.39,28.02,28.48,28.16
EOD/GM,2013-03-22 00:00:00.000,28.615,27.96,28.71,28.22
EOD/GM,2013-03-21 00:00:00.000,28.91,28.57,29.17,28.63
EOD/GM,2013-03-20 00:00:00.000,28.25,28.19,29.3,29.2
EOD/GM,2013-03-19 00:00:00.000,28.1,27.9,28.2,28.1
EOD/GM,2013-03-18 00:00:00.000,27.95,27.73,28.15,28.04
EOD/GM,2013-03-15 00:00:00.000,27.96,27.8,28.26,28.21
EOD/GM,2013-03-14 00:00:00.000,28.05,28.04,28.23,28.16
EOD/GM,2013-03-13 00:00:00.000,28.38,28.0475,28.38,28.07
EOD/GM,2013-03-12 00:00:00.000,28.26,28.09,28.64,28.37
EOD/GM,2013-03-11 00:00:00.000,27.95,27.55,28.39,28.31
EOD/GM,2013-03-08 00:00:00.000,27.91,27.89,28.19,28
EOD/GM,2013-03-07 00:00:00.000,27.86,27.79,28.14,27.88
EOD/GM,2013-03-06 00:00:00.000,27.76,27.62,27.96,27.91
EOD/GM,2013-03-05 00:00:00.000,27.22,27.19,27.79,27.58
EOD/GM,2013-03-04 00:00:00.000,27.14,26.99,27.29,27.09
EOD/GM,2013-03-01 00:00:00.000,26.83,26.75,27.49,27.21
EOD/GM,2013-02-28 00:00:00.000,27.5,26.89,27.57,27.15
EOD/GM,2013-02-27 00:00:00.000,26.8,26.72,27.58,27.4
EOD/GM,2013-02-26 00:00:00.000,26.65,26.19,26.85,26.83
EOD/GM,2013-02-25 00:00:00.000,27.11,26.33,27.17,26.33
EOD/GM,2013-02-22 00:00:00.000,26.4,26.31,27.12,27.11
EOD/GM,2013-02-21 00:00:00.000,27.02,26.33,27.04,26.51
EOD/GM,2013-02-20 00:00:00.000,27.81,27.05,27.81,27.1
EOD/GM,2013-02-19 00:00:00.000,27.69,27.46,27.8,27.68
EOD/GM,2013-02-15 00:00:00.000,27.59,27.22,27.92,27.76
EOD/GM,2013-02-14 00:00:00.000,28.74,27.67,29.36,27.75
EOD/GM,2013-02-13 00:00:00.000,28.75,28.44,28.87,28.67
EOD/GM,2013-02-12 00:00:00.000,28.43,28.24,28.75,28.55
EOD/GM,2013-02-11 00:00:00.000,28.51,28.35,28.65,28.53
EOD/GM,2013-02-08 00:00:00.000,28.54,28.5,28.73,28.57
EOD/GM,2013-02-07 00:00:00.000,28.68,28.03,28.91,28.47
EOD/GM,2013-02-06 00:00:00.000,28.35,28.22,28.6,28.52
EOD/GM,2013-02-05 00:00:00.000,28.03,28.03,28.6,28.59
EOD/GM,2013-02-04 00:00:00.000,27.89,27.88,28.2,27.96
EOD/GM,2013-02-01 00:00:00.000,28.39,28.08,28.5,28.17
EOD/GM,2013-01-31 00:00:00.000,27.8,27.61,28.14,28.09
EOD/GM,2013-01-30 00:00:00.000,28.28,27.77,28.65,27.94
EOD/GM,2013-01-29 00:00:00.000,28.8,28.1571,28.82,28.45
EOD/GM,2013-01-28 00:00:00.000,29.05,28.61,29.15,28.83
EOD/GM,2013-01-25 00:00:00.000,28.96,28.87,29.16,29.07
EOD/GM,2013-01-24 00:00:00.000,28.59,28.3502,28.975,28.78
EOD/GM,2013-01-23 00:00:00.000,28.58,26.62,28.84,28.57
EOD/GM,2013-01-22 00:00:00.000,29.19,28.38,29.27,28.63
EOD/GM,2013-01-18 00:00:00.000,29.44,28.875,29.53,29.28
EOD/GM,2013-01-17 00:00:00.000,29.48,29.19,29.65,29.49
EOD/GM,2013-01-16 00:00:00.000,29.57,28.83,29.73,29.31
EOD/GM,2013-01-15 00:00:00.000,30.11,29.95,30.68,30.6
EOD/GM,2013-01-14 00:00:00.000,30.15,29.89,30.39,30.33
EOD/GM,2013-01-11 00:00:00.000,30.38,30.11,30.6,30.36
EOD/GM,2013-01-10 00:00:00.000,30.28,29.78,30.45,30.44
EOD/GM,2013-01-09 00:00:00.000,29.58,29.56,30.28,29.97
EOD/GM,2013-01-08 00:00:00.000,29.66,29.05,29.85,29.37
EOD/GM,2013-01-07 00:00:00.000,29.64,29.3,29.86,29.66
EOD/GM,2013-01-04 00:00:00.000,29.74,29.23,29.86,29.86
EOD/GM,2013-01-03 00:00:00.000,29.05,28.84,30.23,29.82
EOD/GM,2013-01-02 00:00:00.000,29.41,28.63,29.5,29.13
EOD/GM,2012-12-31 00:00:00.000,27.76,27.62,28.9,28.83
EOD/GM,2012-12-28 00:00:00.000,27.66,27.55,27.94,27.85
EOD/GM,2012-12-27 00:00:00.000,27.74,27.425,27.99,27.96
EOD/GM,2012-12-26 00:00:00.000,27.63,27.49,27.95,27.62
EOD/GM,2012-12-24 00:00:00.000,27.31,27.31,27.74,27.66
EOD/GM,2012-12-21 00:00:00.000,26.74,26.54,27.38,27.32
EOD/GM,2012-12-20 00:00:00.000,27,26.87,27.48,27.34
EOD/GM,2012-12-19 00:00:00.000,27.44,26.86,27.905,27.18
EOD/GM,2012-12-18 00:00:00.000,24.98,24.8,25.54,25.49
EOD/GM,2012-12-17 00:00:00.000,24.67,24.65,24.9,24.85
EOD/GM,2012-12-14 00:00:00.000,25.08,24.4,25.11,24.61
EOD/GM,2012-12-13 00:00:00.000,25.56,24.9,25.83,25.12
EOD/GM,2012-12-12 00:00:00.000,25.54,25.44,26.065,25.63
EOD/GM,2012-12-11 00:00:00.000,25.31,25.11,25.5,25.45
EOD/GM,2012-12-10 00:00:00.000,25.06,25.04,25.41,25.28
EOD/GM,2012-12-07 00:00:00.000,24.76,24.57,25.21,25.19
EOD/GM,2012-12-06 00:00:00.000,24.91,24.46,25,24.57
EOD/GM,2012-12-05 00:00:00.000,25.37,24.94,25.6,25
EOD/GM,2012-12-04 00:00:00.000,25.34,24.52,25.5,25.41
EOD/GM,2012-12-03 00:00:00.000,26.06,25.46,26.355,25.51
EOD/GM,2012-11-30 00:00:00.000,25.89,25.58,26.17,25.88
EOD/GM,2012-11-29 00:00:00.000,25.61,25.51,26.24,26.09
EOD/GM,2012-11-28 00:00:00.000,24.69,24.64,25.3,25.28
EOD/GM,2012-11-27 00:00:00.000,25.14,25,25.35,25.01
EOD/GM,2012-11-26 00:00:00.000,25.17,24.95,25.41,25.23
EOD/GM,2012-11-23 00:00:00.000,24.96,24.86,25.42,25.21
EOD/GM,2012-11-21 00:00:00.000,24.57,24.43,24.97,24.6
EOD/GM,2012-11-20 00:00:00.000,24.9,24.38,24.94,24.6
EOD/GM,2012-11-19 00:00:00.000,24.27,24.13,24.94,24.93
EOD/GM,2012-11-16 00:00:00.000,23.92,23.39,23.98,23.85
EOD/GM,2012-11-15 00:00:00.000,24.18,23.541,24.19,23.88
EOD/GM,2012-11-14 00:00:00.000,24.93,24.1,24.99,24.17
EOD/GM,2012-11-13 00:00:00.000,24.89,24.75,25.18,24.82
EOD/GM,2012-11-12 00:00:00.000,25.05,25.05,25.38,25.26
EOD/GM,2012-11-09 00:00:00.000,24.38,24.38,25.28,25.04
EOD/GM,2012-11-08 00:00:00.000,25.22,24.7,25.5,24.72
EOD/GM,2012-11-07 00:00:00.000,25.64,24.92,25.67,25.03
EOD/GM,2012-11-06 00:00:00.000,25.59,25.45,26.27,26.19
EOD/GM,2012-11-05 00:00:00.000,25.44,25.35,25.99,25.57
EOD/GM,2012-11-02 00:00:00.000,25.81,25.55,25.99,25.79
EOD/GM,2012-11-01 00:00:00.000,25.53,24.91,25.85,25.68
EOD/GM,2012-10-31 00:00:00.000,24.3,23.895,25.72,25.5
EOD/GM,2012-10-26 00:00:00.000,23.61,23.19,23.9,23.28
EOD/GM,2012-10-25 00:00:00.000,23.99,23.58,24.27,23.63
EOD/GM,2012-10-24 00:00:00.000,24.15,23.66,24.27,23.69
EOD/GM,2012-10-23 00:00:00.000,24.07,23.73,24.1,23.87
EOD/GM,2012-10-22 00:00:00.000,24.56,24.275,24.85,24.62
EOD/GM,2012-10-19 00:00:00.000,25.43,24.55,25.5,24.59
EOD/GM,2012-10-18 00:00:00.000,25.09,24.96,25.72,25.56
EOD/GM,2012-10-17 00:00:00.000,24.9,24.6,25.13,25.06
EOD/GM,2012-10-16 00:00:00.000,24.52,24.41,24.85,24.79
EOD/GM,2012-10-15 00:00:00.000,24.51,24.33,24.58,24.48
EOD/GM,2012-10-12 00:00:00.000,24.56,24.33,24.83,24.44
EOD/GM,2012-10-11 00:00:00.000,24.41,24.23,24.9901,24.66
EOD/GM,2012-10-10 00:00:00.000,24.41,24.1,24.58,24.23
EOD/GM,2012-10-09 00:00:00.000,24.74,24.265,24.8584,24.37
EOD/GM,2012-10-08 00:00:00.000,24.79,24.51,24.81,24.57
EOD/GM,2012-10-05 00:00:00.000,24.88,24.57,25.43,24.8
EOD/GM,2012-10-04 00:00:00.000,24.55,24.32,24.67,24.65
EOD/GM,2012-10-03 00:00:00.000,23.71,23.66,24.605,24.39
EOD/GM,2012-10-02 00:00:00.000,23.5,22.67,24.1,23.68
EOD/GM,2012-10-01 00:00:00.000,23,22.85,23.41,23.09
EOD/GM,2012-09-28 00:00:00.000,23,22.7072,23.1,22.75
EOD/GM,2012-09-27 00:00:00.000,23.67,23.14,23.7,23.18
EOD/GM,2012-09-26 00:00:00.000,23.25,22.85,23.73,23.39
EOD/GM,2012-09-25 00:00:00.000,24.43,23.28,24.5,23.52
EOD/GM,2012-09-24 00:00:00.000,24.51,24.12,24.68,24.36
EOD/GM,2012-09-21 00:00:00.000,24.54,24.5,24.89,24.8
EOD/GM,2012-09-20 00:00:00.000,24.34,23.91,24.54,24.42
EOD/GM,2012-09-19 00:00:00.000,24.36,24.32,25.15,24.75
EOD/GM,2012-09-18 00:00:00.000,24.29,24.02,24.45,24.43
EOD/GM,2012-09-17 00:00:00.000,23.92,23.73,23.95,23.8
EOD/GM,2012-09-14 00:00:00.000,23.69,23.63,24.33,24.14
EOD/GM,2012-09-13 00:00:00.000,23.05,22.82,23.68,23.53
EOD/GM,2012-09-12 00:00:00.000,23.14,23.05,23.33,23.13
EOD/GM,2012-09-11 00:00:00.000,22.98,22.88,23.25,22.97
EOD/GM,2012-09-10 00:00:00.000,23.28,22.94,23.4199,22.98
EOD/GM,2012-09-07 00:00:00.000,22.55,22.54,23.42,23.37
EOD/GM,2012-09-06 00:00:00.000,21.79,21.75,22.73,22.45
EOD/GM,2012-09-05 00:00:00.000,21.22,21.02,21.76,21.76
EOD/GM,2012-09-04 00:00:00.000,21.25,21.02,21.5,21.31
EOD/GM,2012-08-31 00:00:00.000,21.3,21.105,21.48,21.35
EOD/GM,2012-08-30 00:00:00.000,21.25,21.02,21.26,21.11
EOD/GM,2012-08-29 00:00:00.000,20.9,20.86,21.64,21.3
EOD/GM,2012-08-28 00:00:00.000,21,20.91,21.25,20.94
EOD/GM,2012-08-27 00:00:00.000,21.2,21,21.37,21.22
EOD/GM,2012-08-24 00:00:00.000,21.21,21.07,21.36,21.18
EOD/GM,2012-08-23 00:00:00.000,21.61,21.225,21.61,21.34
EOD/GM,2012-08-22 00:00:00.000,21.58,21.14,21.75,21.73
EOD/GM,2012-08-21 00:00:00.000,21.95,21.52,22.065,21.63
EOD/GM,2012-08-20 00:00:00.000,21.75,21.66,22.02,21.87
EOD/GM,2012-08-17 00:00:00.000,21.35,21.34,22.14,22.01
EOD/GM,2012-08-16 00:00:00.000,20.12,20.12,21.46,21.33
EOD/GM,2012-08-15 00:00:00.000,20.21,19.98,20.36,20.14
EOD/GM,2012-08-14 00:00:00.000,20.63,20.1,20.79,20.21
EOD/GM,2012-08-13 00:00:00.000,20.52,20.36,20.8,20.47
EOD/GM,2012-08-10 00:00:00.000,20.52,20.31,20.7,20.54
EOD/GM,2012-08-09 00:00:00.000,20.37,20.21,20.82,20.65
EOD/GM,2012-08-08 00:00:00.000,20.14,20.05,20.45,20.38
EOD/GM,2012-08-07 00:00:00.000,19.92,19.92,20.52,20.42
EOD/GM,2012-08-06 00:00:00.000,20.05,19.76,20.1,19.85
EOD/GM,2012-08-03 00:00:00.000,19.26,19.25,20.1,20.04
EOD/GM,2012-08-02 00:00:00.000,19.59,18.93,20.06,19.14
EOD/GM,2012-08-01 00:00:00.000,19.78,19.43,20.58,19.66
EOD/GM,2012-07-31 00:00:00.000,19.46,19.37,19.77,19.71
EOD/GM,2012-07-30 00:00:00.000,19.55,19.3,19.65,19.36
EOD/GM,2012-07-27 00:00:00.000,19.14,19.07,19.69,19.67
EOD/GM,2012-07-26 00:00:00.000,19.02,18.75,19.15,19.11
EOD/GM,2012-07-25 00:00:00.000,19.1,18.72,19.13,18.8
EOD/GM,2012-07-24 00:00:00.000,19.25,18.85,19.38,19.02
EOD/GM,2012-07-23 00:00:00.000,19.09,18.85,19.36,19.3
EOD/GM,2012-07-20 00:00:00.000,20.02,19.33,20.16,19.36
EOD/GM,2012-07-19 00:00:00.000,20.12,20.07,20.345,20.14
EOD/GM,2012-07-18 00:00:00.000,19.62,19.57,20.21,20.07
EOD/GM,2012-07-17 00:00:00.000,19.55,19.3,19.6,19.6
EOD/GM,2012-07-16 00:00:00.000,19.47,19.23,19.55,19.38
EOD/GM,2012-07-13 00:00:00.000,19.33,19.27,19.71,19.62
EOD/GM,2012-07-12 00:00:00.000,19.61,19.225,19.77,19.33
EOD/GM,2012-07-11 00:00:00.000,19.75,19.6,20.01,19.9
EOD/GM,2012-07-10 00:00:00.000,20.25,19.73,20.48,19.8
EOD/GM,2012-07-09 00:00:00.000,20.21,20.05,20.4,20.22
EOD/GM,2012-07-06 00:00:00.000,20.35,20.05,20.6,20.31
EOD/GM,2012-07-05 00:00:00.000,20.75,20.54,21.21,20.54
EOD/GM,2012-07-03 00:00:00.000,19.8,19.67,21.12,20.67
EOD/GM,2012-07-02 00:00:00.000,19.7,19.3,19.74,19.57
EOD/GM,2012-06-29 00:00:00.000,20,19.24,20,19.72
EOD/GM,2012-06-28 00:00:00.000,19.64,19.49,19.92,19.82
EOD/GM,2012-06-27 00:00:00.000,19.83,19.62,19.98,19.66
EOD/GM,2012-06-26 00:00:00.000,19.94,19.62,20.04,19.85
EOD/GM,2012-06-25 00:00:00.000,20.32,19.91,20.39,19.91
EOD/GM,2012-06-22 00:00:00.000,20.95,20.46,20.95,20.6
EOD/GM,2012-06-21 00:00:00.000,21.45,20.6,21.5,20.64
EOD/GM,2012-06-20 00:00:00.000,21.78,21.28,21.819,21.48
EOD/GM,2012-06-19 00:00:00.000,21.43,21.4,22,21.74
EOD/GM,2012-06-18 00:00:00.000,21.54,21.38,21.72,21.43
EOD/GM,2012-06-15 00:00:00.000,21.76,21.42,21.81,21.74
EOD/GM,2012-06-14 00:00:00.000,21.84,21.58,21.99,21.8
EOD/GM,2012-06-13 00:00:00.000,22.04,21.74,22.17,21.87
EOD/GM,2012-06-12 00:00:00.000,21.92,21.68,22.2,22.17
EOD/GM,2012-06-11 00:00:00.000,22.28,21.9,22.3,21.92
EOD/GM,2012-06-08 00:00:00.000,21.85,21.5,22.09,22.05
EOD/GM,2012-06-07 00:00:00.000,22.11,21.76,22.38,21.85
EOD/GM,2012-06-06 00:00:00.000,21.43,21.34,21.94,21.83
EOD/GM,2012-06-05 00:00:00.000,20.98,20.97,21.47,21.25
EOD/GM,2012-06-04 00:00:00.000,22.01,20.66,22.04,21.11
EOD/GM,2012-06-01 00:00:00.000,21.65,21.45,23.34,22.01
EOD/GM,2012-05-31 00:00:00.000,22.26,22,22.41,22.2
EOD/GM,2012-05-30 00:00:00.000,22.5,21.98,22.5,22.37
EOD/GM,2012-05-29 00:00:00.000,22.62,22.59,22.93,22.85
EOD/GM,2012-05-25 00:00:00.000,22.04,22,22.46,22.44
EOD/GM,2012-05-24 00:00:00.000,21.98,21.82,22.13,22.04
EOD/GM,2012-05-23 00:00:00.000,21.33,21.32,22.2,22.13
EOD/GM,2012-05-22 00:00:00.000,21.71,21.34,21.9,21.5
EOD/GM,2012-05-21 00:00:00.000,21.34,21.26,21.68,21.54
EOD/GM,2012-05-18 00:00:00.000,21.54,21.09,21.69,21.18
EOD/GM,2012-05-17 00:00:00.000,21.94,21.55,22.27,21.61
EOD/GM,2012-05-16 00:00:00.000,22.05,21.85,22.618,21.91
EOD/GM,2012-05-15 00:00:00.000,21.57,21.34,21.83,21.42
EOD/GM,2012-05-14 00:00:00.000,21.75,21.6,21.965,21.63
EOD/GM,2012-05-11 00:00:00.000,22,21.98,22.535,22
EOD/GM,2012-05-10 00:00:00.000,22.69,22.335,22.89,22.37
EOD/GM,2012-05-09 00:00:00.000,21.88,21.85,22.8,22.44
EOD/GM,2012-05-08 00:00:00.000,22.25,21.87,22.35,22.23
EOD/GM,2012-05-07 00:00:00.000,21.87,21.85,22.5,22.41
EOD/GM,2012-05-04 00:00:00.000,22.2,21.82,22.41,22.36
EOD/GM,2012-05-03 00:00:00.000,23.13,22.19,23.19,22.37
EOD/GM,2012-05-02 00:00:00.000,23.19,22.63,23.25,22.93
EOD/GM,2012-05-01 00:00:00.000,23.04,22.6,23.475,23.31
EOD/GM,2012-04-30 00:00:00.000,23.38,22.8,23.49,23
EOD/GM,2012-04-27 00:00:00.000,23.81,23.34,24.09,23.53
EOD/GM,2012-04-26 00:00:00.000,23.16,23.16,23.75,23.72
EOD/GM,2012-04-25 00:00:00.000,23.15,22.89,23.36,23.31
EOD/GM,2012-04-24 00:00:00.000,23.02,22.88,23.4,22.89
EOD/GM,2012-04-23 00:00:00.000,23.17,22.9,23.3,22.95
EOD/GM,2012-04-20 00:00:00.000,24.06,23.52,24.06,23.6
EOD/GM,2012-04-19 00:00:00.000,24.09,23.87,24.87,24.01
EOD/GM,2012-04-18 00:00:00.000,23.87,23.75,24.29,24.15
EOD/GM,2012-04-17 00:00:00.000,23.59,23.55,24.54,24.04
EOD/GM,2012-04-16 00:00:00.000,23.78,23.355,23.93,23.42
EOD/GM,2012-04-13 00:00:00.000,24.22,23.62,24.29,23.8
EOD/GM,2012-04-12 00:00:00.000,24.05,24,24.49,24.3
EOD/GM,2012-04-11 00:00:00.000,23.84,23.82,24.28,24.03
EOD/GM,2012-04-10 00:00:00.000,24.11,23.29,24.14,23.71
EOD/GM,2012-04-09 00:00:00.000,24.22,24.03,24.4,24.2
EOD/GM,2012-04-05 00:00:00.000,24.99,24.61,25.18,24.81
EOD/GM,2012-04-04 00:00:00.000,25.1,24.9,25.4,25.1
EOD/GM,2012-04-03 00:00:00.000,26.64,25.27,27.03,25.54
EOD/GM,2012-04-02 00:00:00.000,26.03,25.98,26.91,26.76
EOD/GM,2012-03-30 00:00:00.000,25.49,25.1097,25.78,25.65
EOD/GM,2012-03-29 00:00:00.000,25.02,24.94,25.37,25.31
EOD/GM,2012-03-28 00:00:00.000,25.41,25.02,25.48,25.15
EOD/GM,2012-03-27 00:00:00.000,25.42,25.34,25.85,25.35
EOD/GM,2012-03-26 00:00:00.000,25.23,25.14,25.63,25.58
EOD/GM,2012-03-23 00:00:00.000,25.04,24.77,25.32,25.17
EOD/GM,2012-03-22 00:00:00.000,25.01,24.87,25.26,25.05
EOD/GM,2012-03-21 00:00:00.000,25.17,25.1,25.49,25.29
EOD/GM,2012-03-20 00:00:00.000,25.1,24.6,25.42,25.09
EOD/GM,2012-03-19 00:00:00.000,25.5,25.24,25.7,25.39
EOD/GM,2012-03-16 00:00:00.000,26.07,25.26,26.07,25.57
EOD/GM,2012-03-15 00:00:00.000,26.37,25.88,26.58,26.05
EOD/GM,2012-03-14 00:00:00.000,26.13,26,26.59,26.32
EOD/GM,2012-03-13 00:00:00.000,25.48,25.33,26.1,26.07
EOD/GM,2012-03-12 00:00:00.000,25.62,25.15,25.71,25.39
EOD/GM,2012-03-09 00:00:00.000,25.7,25.39,25.82,25.62
EOD/GM,2012-03-08 00:00:00.000,25.37,25.1,25.59,25.4501
EOD/GM,2012-03-07 00:00:00.000,24.75,24.75,25.21,24.88
EOD/GM,2012-03-06 00:00:00.000,25.31,24.381,25.34,24.58
EOD/GM,2012-03-05 00:00:00.000,26.27,25.8,26.4,26
EOD/GM,2012-03-02 00:00:00.000,26.55,26.36,26.75,26.45
EOD/GM,2012-03-01 00:00:00.000,26.19,26.15,26.8,26.47
EOD/GM,2012-02-29 00:00:00.000,26.07,25.92,26.55,26.02
EOD/GM,2012-02-28 00:00:00.000,26.49,26.1,26.53,26.14
EOD/GM,2012-02-27 00:00:00.000,26.07,25.565,26.55,26.46
EOD/GM,2012-02-24 00:00:00.000,26.9,26.06,26.95,26.07
EOD/GM,2012-02-23 00:00:00.000,26.69,26.26,27.265,26.79
EOD/GM,2012-02-22 00:00:00.000,27.08,26.53,27.13,26.55
EOD/GM,2012-02-21 00:00:00.000,27.3,26.99,27.545,27.06
EOD/GM,2012-02-17 00:00:00.000,27.17,27.01,27.68,27.34
EOD/GM,2012-02-16 00:00:00.000,25.29,25.27,27.26,27.17
EOD/GM,2012-02-15 00:00:00.000,25.73,24.9,25.7541,24.93
EOD/GM,2012-02-14 00:00:00.000,25.21,25,25.45,25.4
EOD/GM,2012-02-13 00:00:00.000,26,25.21,26,25.34
EOD/GM,2012-02-10 00:00:00.000,25.48,25.25,25.52,25.5
EOD/GM,2012-02-09 00:00:00.000,25.96,25.5,26.22,25.74
EOD/GM,2012-02-08 00:00:00.000,26.31,25.58,26.42,25.75
EOD/GM,2012-02-07 00:00:00.000,26.62,26.15,26.62,26.22
EOD/GM,2012-02-06 00:00:00.000,26.47,25.95,26.83,26.7
EOD/GM,2012-02-03 00:00:00.000,25,24.79,26.44,26.18
EOD/GM,2012-02-02 00:00:00.000,24.65,24.3,24.69,24.31
EOD/GM,2012-02-01 00:00:00.000,24.33,24.07,24.58,24.37
EOD/GM,2012-01-31 00:00:00.000,24.53,23.95,24.59,24.02
EOD/GM,2012-01-30 00:00:00.000,24.06,23.95,24.57,24.23
EOD/GM,2012-01-27 00:00:00.000,23.8,23.33,24.54,24.37
EOD/GM,2012-01-26 00:00:00.000,25.1,24.6,25.5,24.72
EOD/GM,2012-01-25 00:00:00.000,24.89,24.38,25.01,24.92
EOD/GM,2012-01-24 00:00:00.000,24.84,24.5,24.93,24.79
EOD/GM,2012-01-23 00:00:00.000,25.14,24.79,25.25,24.92
EOD/GM,2012-01-20 00:00:00.000,24.93,24.84,25.11,25
EOD/GM,2012-01-19 00:00:00.000,24.69,24.45,24.98,24.82
EOD/GM,2012-01-18 00:00:00.000,24.27,24.02,24.58,24.51
EOD/GM,2012-01-17 00:00:00.000,24.6,24.165,24.68,24.2
EOD/GM,2012-01-13 00:00:00.000,24.27,23.91,24.65,24.29
EOD/GM,2012-01-12 00:00:00.000,24.35,23.76,24.82,24.67
EOD/GM,2012-01-11 00:00:00.000,23.37,23.34,24.6399,24.47
EOD/GM,2012-01-10 00:00:00.000,23.22,22.775,23.4,23.24
EOD/GM,2012-01-09 00:00:00.000,23.2,22.7,23.43,22.84
EOD/GM,2012-01-06 00:00:00.000,22.26,22.24,23.03,22.92
EOD/GM,2012-01-05 00:00:00.000,21.1,20.96,22.29,22.17
EOD/GM,2012-01-04 00:00:00.000,21.05,20.75,21.37,21.15
EOD/GM,2012-01-03 00:00:00.000,20.83,20.75,21.18,21.05
EOD/GM,2011-12-30 00:00:00.000,20.12,20.05,20.37,20.27
EOD/GM,2011-12-29 00:00:00.000,19.85,19.71,20.25,20.21
EOD/GM,2011-12-28 00:00:00.000,20.08,19.76,20.13,19.86
EOD/GM,2011-12-27 00:00:00.000,20.43,20.08,20.43,20.09
EOD/GM,2011-12-23 00:00:00.000,20.81,20.45,20.89,20.5
EOD/GM,2011-12-22 00:00:00.000,20.25,20.17,20.85,20.7
EOD/GM,2011-12-21 00:00:00.000,19.74,19.58,20.435,20.32
EOD/GM,2011-12-20 00:00:00.000,19.42,19.35,19.9,19.69
EOD/GM,2011-12-19 00:00:00.000,20.12,19,20.23,19.05
EOD/GM,2011-12-16 00:00:00.000,20.16,19.97,20.52,20.15
EOD/GM,2011-12-15 00:00:00.000,19.76,19.51,20.215,20.1
EOD/GM,2011-12-14 00:00:00.000,19.95,19.42,20.01,19.47
EOD/GM,2011-12-13 00:00:00.000,20.96,19.95,21,20.11
EOD/GM,2011-12-12 00:00:00.000,20.66,20.56,20.9,20.8
EOD/GM,2011-12-09 00:00:00.000,21.09,21.06,21.4,21.15
EOD/GM,2011-12-08 00:00:00.000,21.76,20.85,21.76,20.98
EOD/GM,2011-12-07 00:00:00.000,21.62,21.48,22.11,21.94
EOD/GM,2011-12-06 00:00:00.000,21.6,21.28,21.875,21.68
EOD/GM,2011-12-05 00:00:00.000,21.52,21.43,21.99,21.59
EOD/GM,2011-12-02 00:00:00.000,21.35,21.13,21.73,21.28
EOD/GM,2011-12-01 00:00:00.000,21.24,20.93,21.77,20.96
EOD/GM,2011-11-30 00:00:00.000,21.02,20.94,21.31,21.29
EOD/GM,2011-11-29 00:00:00.000,20.73,20.3,20.85,20.31
EOD/GM,2011-11-28 00:00:00.000,20.95,20.65,21.43,20.74
EOD/GM,2011-11-25 00:00:00.000,20.22,20.21,20.71,20.34
EOD/GM,2011-11-23 00:00:00.000,20.48,20.06,20.69,20.24
EOD/GM,2011-11-22 00:00:00.000,20.92,20.7,21.12,20.73
EOD/GM,2011-11-21 00:00:00.000,21.1,20.54,21.18,21.05
EOD/GM,2011-11-18 00:00:00.000,22.01,21.62,22.18,21.68
EOD/GM,2011-11-17 00:00:00.000,22.72,21.56,22.75,21.79
EOD/GM,2011-11-16 00:00:00.000,23.24,22.62,23.35,22.65
EOD/GM,2011-11-15 00:00:00.000,22.81,22.6,23.53,23.35
EOD/GM,2011-11-14 00:00:00.000,22.56,22.51,23.29,22.99
EOD/GM,2011-11-11 00:00:00.000,22.95,22.22,23.1,22.51
EOD/GM,2011-11-10 00:00:00.000,22.44,21.93,22.85,22.7
EOD/GM,2011-11-09 00:00:00.000,23.07,22.15,23.57,22.31
EOD/GM,2011-11-08 00:00:00.000,24.2,23.98,25.17,25.04
EOD/GM,2011-11-07 00:00:00.000,23.93,23.52,24.15,24.01
EOD/GM,2011-11-04 00:00:00.000,23.89,23.31,23.92,23.61
EOD/GM,2011-11-03 00:00:00.000,23.82,22.76,24.115,24.03
EOD/GM,2011-11-02 00:00:00.000,23.7,22.92,23.73,23.2
EOD/GM,2011-11-01 00:00:00.000,24.82,23.25,24.9,23.33
EOD/GM,2011-10-31 00:00:00.000,25.92,25.61,26.16,25.85
EOD/GM,2011-10-28 00:00:00.000,26.22,26,26.55,26.45
EOD/GM,2011-10-27 00:00:00.000,25.87,25.2,26.47,26.06
EOD/GM,2011-10-26 00:00:00.000,25.02,24.69,25.28,24.99
EOD/GM,2011-10-25 00:00:00.000,24.86,24.16,25.19,24.86
EOD/GM,2011-10-24 00:00:00.000,24.28,24.25,25.24,24.98
EOD/GM,2011-10-21 00:00:00.000,23.4,23.2,24.38,24.35
EOD/GM,2011-10-20 00:00:00.000,23.02,22.51,23.18,22.96
EOD/GM,2011-10-19 00:00:00.000,23.52,22.96,23.55,23.09
EOD/GM,2011-10-18 00:00:00.000,23.19,22.77,23.87,23.54
EOD/GM,2011-10-17 00:00:00.000,24.17,23.15,24.19,23.18
EOD/GM,2011-10-14 00:00:00.000,23.68,23.36,24.16,24.16
EOD/GM,2011-10-13 00:00:00.000,23.38,22.5,23.38,23.15
EOD/GM,2011-10-12 00:00:00.000,22.94,22.86,23.9695,23.41
EOD/GM,2011-10-11 00:00:00.000,22.43,22.28,22.69,22.5
EOD/GM,2011-10-10 00:00:00.000,22.51,22.36,22.965,22.62
EOD/GM,2011-10-07 00:00:00.000,22.58,21.82,22.93,22.01
EOD/GM,2011-10-06 00:00:00.000,22.3,21.75,22.6,22.35
EOD/GM,2011-10-05 00:00:00.000,21.33,20.76,22.29,22.27
EOD/GM,2011-10-04 00:00:00.000,19.45,19.05,21.46,21.42
EOD/GM,2011-10-03 00:00:00.000,20.13,19.65,20.9,19.73
EOD/GM,2011-09-30 00:00:00.000,20.44,20.1,20.5,20.18
EOD/GM,2011-09-29 00:00:00.000,20.72,20.115,20.97,20.76
EOD/GM,2011-09-28 00:00:00.000,21.2,20.37,21.44,20.41
EOD/GM,2011-09-27 00:00:00.000,21.6,21.08,21.8295,21.19
EOD/GM,2011-09-26 00:00:00.000,21.315,20.53,21.44,21.08
EOD/GM,2011-09-23 00:00:00.000,19.77,19.77,21.28,21
EOD/GM,2011-09-22 00:00:00.000,20.59,20.04,20.99,20.24
EOD/GM,2011-09-21 00:00:00.000,22.39,21.22,22.7,21.28
EOD/GM,2011-09-20 00:00:00.000,23.05,22.42,23.1,22.43
EOD/GM,2011-09-19 00:00:00.000,22.15,22.05,23.17,23.05
EOD/GM,2011-09-16 00:00:00.000,22.68,22.34,22.77,22.61
EOD/GM,2011-09-15 00:00:00.000,22.59,22.15,22.79,22.7
EOD/GM,2011-09-14 00:00:00.000,22.22,21.62,22.49,22.18
EOD/GM,2011-09-13 00:00:00.000,21.87,21.5,22.33,22
EOD/GM,2011-09-12 00:00:00.000,21.38,21,21.95,21.87
EOD/GM,2011-09-09 00:00:00.000,22.36,21.47,22.45,21.76
EOD/GM,2011-09-08 00:00:00.000,22.79,22.24,23.13,22.48
EOD/GM,2011-09-07 00:00:00.000,21.82,21.82,23.04,22.86
EOD/GM,2011-09-06 00:00:00.000,21.36,20.88,21.58,21.44
EOD/GM,2011-09-02 00:00:00.000,22.41,21.73,22.55,22.07
EOD/GM,2011-09-01 00:00:00.000,24.09,22.905,24.25,23.03
EOD/GM,2011-08-31 00:00:00.000,23.87,23.83,24.49,24.03
EOD/GM,2011-08-30 00:00:00.000,23.46,23.05,23.74,23.58
EOD/GM,2011-08-29 00:00:00.000,23.3,23.27,23.96,23.79
EOD/GM,2011-08-26 00:00:00.000,22.2,21.8,23.08,22.87
EOD/GM,2011-08-25 00:00:00.000,22.49,22.1,22.74,22.3
EOD/GM,2011-08-24 00:00:00.000,21.89,21.57,22.39,22.37
EOD/GM,2011-08-23 00:00:00.000,21.78,21.21,22.06,22.06
EOD/GM,2011-08-22 00:00:00.000,22.54,21.18,22.72,21.71
EOD/GM,2011-08-19 00:00:00.000,23.25,21.71,23.44,22.16
EOD/GM,2011-08-18 00:00:00.000,23.99,23.27,24.08,23.6
EOD/GM,2011-08-17 00:00:00.000,26,24.9,26.09,24.94
EOD/GM,2011-08-16 00:00:00.000,26.22,25.69,26.69,25.83
EOD/GM,2011-08-15 00:00:00.000,26.03,25.79,26.54,26.42
EOD/GM,2011-08-12 00:00:00.000,26.3,25.49,26.5,25.75
EOD/GM,2011-08-11 00:00:00.000,24.11,24.11,26.17,25.81
EOD/GM,2011-08-10 00:00:00.000,24.66,23.83,25,23.92
EOD/GM,2011-08-09 00:00:00.000,25.09,24,25.56,25.54
EOD/GM,2011-08-08 00:00:00.000,24.61,23.79,25.35,24.57
EOD/GM,2011-08-05 00:00:00.000,26.07,24.49,26.46,26.31
EOD/GM,2011-08-04 00:00:00.000,27.16,25.71,27.2,25.99
EOD/GM,2011-08-03 00:00:00.000,27.03,26.13,27.17,27.17
EOD/GM,2011-08-02 00:00:00.000,27.75,27.02,28.09,27.05
EOD/GM,2011-08-01 00:00:00.000,28.88,27.7,28.88,28.07
EOD/GM,2011-07-29 00:00:00.000,27.62,27.31,28.1,27.68
EOD/GM,2011-07-28 00:00:00.000,28.22,28.02,28.9,28.1
EOD/GM,2011-07-27 00:00:00.000,28.9,28.03,29,28.14
EOD/GM,2011-07-26 00:00:00.000,29.67,28.96,29.7,29.09
EOD/GM,2011-07-25 00:00:00.000,29.53,29.39,29.84,29.5
EOD/GM,2011-07-22 00:00:00.000,29.97,29.88,30.29,30.1
EOD/GM,2011-07-21 00:00:00.000,29.39,29.16,30.02,29.96
EOD/GM,2011-07-20 00:00:00.000,29.45,29.05,29.48,29.24
EOD/GM,2011-07-19 00:00:00.000,29.2,28.76,29.49,29.33
EOD/GM,2011-07-18 00:00:00.000,29.57,28.62,29.65,29.1
EOD/GM,2011-07-15 00:00:00.000,30.39,29.515,30.62,29.76
EOD/GM,2011-07-14 00:00:00.000,30.85,30.03,30.97,30.1
EOD/GM,2011-07-13 00:00:00.000,30.87,30.61,31.3,30.75
EOD/GM,2011-07-12 00:00:00.000,30.24,30.02,30.94,30.68
EOD/GM,2011-07-11 00:00:00.000,30.98,30.55,31.2,30.75
EOD/GM,2011-07-08 00:00:00.000,31.25,31.16,31.7,31.58
EOD/GM,2011-07-07 00:00:00.000,31.79,31.65,32.08,31.8
EOD/GM,2011-07-06 00:00:00.000,31.37,31.09,31.68,31.19
EOD/GM,2011-07-05 00:00:00.000,30.87,30.58,31.36,30.86
EOD/GM,2011-07-01 00:00:00.000,30.35,29.92,30.86,30.58
EOD/GM,2011-06-30 00:00:00.000,30.3,30.22,30.56,30.36
EOD/GM,2011-06-29 00:00:00.000,30.79,30.25,30.79,30.3
EOD/GM,2011-06-28 00:00:00.000,30.21,30.18,30.79,30.5
EOD/GM,2011-06-27 00:00:00.000,29.79,29.6,30.46,30.26
EOD/GM,2011-06-24 00:00:00.000,30.15,29.66,30.3,29.92
EOD/GM,2011-06-23 00:00:00.000,29.53,29.32,30.2,30.14
EOD/GM,2011-06-22 00:00:00.000,29.62,29.5,30.18,29.97
EOD/GM,2011-06-21 00:00:00.000,29.51,29.43,30,29.59
EOD/GM,2011-06-20 00:00:00.000,28.87,28.77,29.595,29.52
EOD/GM,2011-06-17 00:00:00.000,28.73,28.57,29.06,29
EOD/GM,2011-06-16 00:00:00.000,28.7,28.165,28.99,28.59
EOD/GM,2011-06-15 00:00:00.000,28.77,28.64,29.11,28.95
EOD/GM,2011-06-14 00:00:00.000,28.92,28.86,29.49,29.11
EOD/GM,2011-06-13 00:00:00.000,28.9,28.29,29.08,28.59
EOD/GM,2011-06-10 00:00:00.000,29.3,28.65,29.3,28.85
EOD/GM,2011-06-09 00:00:00.000,29.2,28.91,29.58,29.45
EOD/GM,2011-06-08 00:00:00.000,28.52,28.4,29.34,28.86
EOD/GM,2011-06-07 00:00:00.000,28.89,28.39,29.04,28.78
EOD/GM,2011-06-06 00:00:00.000,29.02,28.55,29.4106,28.56
EOD/GM,2011-06-03 00:00:00.000,29.28,28.9,29.56,29.12
EOD/GM,2011-06-02 00:00:00.000,30.33,29.4,30.56,29.6
EOD/GM,2011-06-01 00:00:00.000,31.7,30.15,31.7,30.23
EOD/GM,2011-05-31 00:00:00.000,31.44,31.13,31.87,31.81
EOD/GM,2011-05-27 00:00:00.000,30.77,30.59,31.48,31.28
EOD/GM,2011-05-26 00:00:00.000,31.08,30.52,31.1,30.68
EOD/GM,2011-05-25 00:00:00.000,30.56,30.5,31.38,31.27
EOD/GM,2011-05-24 00:00:00.000,31.13,30.5,31.2,30.83
EOD/GM,2011-05-23 00:00:00.000,30.68,30.5,31.16,30.96
EOD/GM,2011-05-20 00:00:00.000,31.36,31.1,31.5,31.18
EOD/GM,2011-05-19 00:00:00.000,31.53,31.31,31.79,31.47
EOD/GM,2011-05-18 00:00:00.000,31.07,31,31.62,31.52
EOD/GM,2011-05-17 00:00:00.000,31.06,30.83,31.38,31.1
EOD/GM,2011-05-16 00:00:00.000,31.25,31.08,31.5,31.1
EOD/GM,2011-05-13 00:00:00.000,31.46,30.85,31.54,31.07
EOD/GM,2011-05-12 00:00:00.000,31.07,30.93,31.6,31.42
EOD/GM,2011-05-11 00:00:00.000,31.57,31.11,31.8629,31.3
EOD/GM,2011-05-10 00:00:00.000,31.47,31.33,31.64,31.61
EOD/GM,2011-05-09 00:00:00.000,31.74,31.36,32.065,31.39
EOD/GM,2011-05-06 00:00:00.000,32.5,31.84,32.6,31.91
EOD/GM,2011-05-05 00:00:00.000,32.06,31.49,32.68,32.02
EOD/GM,2011-05-04 00:00:00.000,33.16,32.71,33.47,33.04
EOD/GM,2011-05-03 00:00:00.000,32.38,32.36,33.2,32.99
EOD/GM,2011-05-02 00:00:00.000,32.41,31.92,32.5,32.18
EOD/GM,2011-04-29 00:00:00.000,31.99,31.91,32.58,32.09
EOD/GM,2011-04-28 00:00:00.000,31.76,31.48,32.095,31.91
EOD/GM,2011-04-27 00:00:00.000,31.47,31.28,31.79,31.78
EOD/GM,2011-04-26 00:00:00.000,31.39,30.96,31.51,31.27
EOD/GM,2011-04-25 00:00:00.000,31,30.32,31.19,31.14
EOD/GM,2011-04-21 00:00:00.000,30.05,30.01,31,30.95
EOD/GM,2011-04-20 00:00:00.000,29.76,29.42,30.38,29.93
EOD/GM,2011-04-19 00:00:00.000,29.81,29.17,29.91,29.59
EOD/GM,2011-04-18 00:00:00.000,30.06,29.9,30.34,29.97
EOD/GM,2011-04-15 00:00:00.000,30.59,30.18,30.72,30.24
EOD/GM,2011-04-14 00:00:00.000,30.65,30.35,30.86,30.58
EOD/GM,2011-04-13 00:00:00.000,31.23,30.59,31.32,30.86
EOD/GM,2011-04-12 00:00:00.000,30.4,30.1,31.34,31.15
EOD/GM,2011-04-11 00:00:00.000,31.34,30.55,31.45,30.77
EOD/GM,2011-04-08 00:00:00.000,32.4,31.325,32.75,31.52
EOD/GM,2011-04-07 00:00:00.000,32.84,32.07,32.84,32.31
EOD/GM,2011-04-06 00:00:00.000,33,32.52,33.28,32.87
EOD/GM,2011-04-05 00:00:00.000,32.32,32.1,32.87,32.87
EOD/GM,2011-04-04 00:00:00.000,32.5,32.2,32.72,32.39
EOD/GM,2011-04-01 00:00:00.000,31.39,30.84,32.63,32.41
EOD/GM,2011-03-31 00:00:00.000,31.4,31,31.55,31.03
EOD/GM,2011-03-30 00:00:00.000,31.16,31.04,31.64,31.55
EOD/GM,2011-03-29 00:00:00.000,30.93,30.68,31.17,31.1
EOD/GM,2011-03-28 00:00:00.000,31.58,30.85,31.58,30.85
EOD/GM,2011-03-25 00:00:00.000,31.49,31.09,31.7,31.47
EOD/GM,2011-03-24 00:00:00.000,31.32,31.24,31.6,31.39
EOD/GM,2011-03-23 00:00:00.000,30.6,30.2,31.28,31.16
EOD/GM,2011-03-22 00:00:00.000,31.28,30.51,31.35,30.74
EOD/GM,2011-03-21 00:00:00.000,32.24,31.23,32.3,31.28
EOD/GM,2011-03-18 00:00:00.000,31.74,31.4202,31.95,31.85
EOD/GM,2011-03-17 00:00:00.000,32.18,31.33,32.39,31.44
EOD/GM,2011-03-16 00:00:00.000,32.42,31.4,32.53,31.78
EOD/GM,2011-03-15 00:00:00.000,30.98,30.65,32.49,32.35
EOD/GM,2011-03-14 00:00:00.000,32.14,31.43,32.3,31.59
EOD/GM,2011-03-11 00:00:00.000,31.25,31.24,32.055,31.93
EOD/GM,2011-03-10 00:00:00.000,31.47,30.95,31.7768,31.42
EOD/GM,2011-03-09 00:00:00.000,32.74,32.1,32.7586,32.25
EOD/GM,2011-03-08 00:00:00.000,31.74,31.69,32.82,32.72
EOD/GM,2011-03-07 00:00:00.000,32.35,31.52,32.5,31.7
EOD/GM,2011-03-04 00:00:00.000,33.07,32.01,33.079,32.39
EOD/GM,2011-03-03 00:00:00.000,33.03,32.65,33.17,33.03
EOD/GM,2011-03-02 00:00:00.000,32.9,32.59,33.17,32.88
EOD/GM,2011-03-01 00:00:00.000,33.69,32.4295,33.75,32.95
EOD/GM,2011-02-28 00:00:00.000,33.49,32.86,33.74,33.53
EOD/GM,2011-02-25 00:00:00.000,33.67,33.05,34.2,33.25
EOD/GM,2011-02-24 00:00:00.000,34.9,32.05,35,33.02
EOD/GM,2011-02-23 00:00:00.000,35.85,33.8,35.94,34.59
EOD/GM,2011-02-22 00:00:00.000,35.86,35.45,36.15,35.77
EOD/GM,2011-02-18 00:00:00.000,36.42,36.38,36.76,36.51
EOD/GM,2011-02-17 00:00:00.000,36.55,36.3,36.7,36.37
EOD/GM,2011-02-16 00:00:00.000,36.11,36.02,36.84,36.75
EOD/GM,2011-02-15 00:00:00.000,36.19,35.8,36.41,36.11
EOD/GM,2011-02-14 00:00:00.000,36.55,35.47,36.56,36.29
EOD/GM,2011-02-11 00:00:00.000,35.76,35.55,36.57,36.45
EOD/GM,2011-02-10 00:00:00.000,36.17,35.52,36.64,35.88
EOD/GM,2011-02-09 00:00:00.000,36.82,36.28,36.91,36.41
EOD/GM,2011-02-08 00:00:00.000,36.97,36.4,37.05,36.89
EOD/GM,2011-02-07 00:00:00.000,36.95,36.61,37.09,36.7
EOD/GM,2011-02-04 00:00:00.000,36.25,35.89,36.73,36.59
EOD/GM,2011-02-03 00:00:00.000,35.97,35.13,36.06,36.06
EOD/GM,2011-02-02 00:00:00.000,36.46,35.58,36.56,35.68
EOD/GM,2011-02-01 00:00:00.000,36.93,36.13,37.23,36.45
EOD/GM,2011-01-31 00:00:00.000,36.89,35.89,37.05,36.49
EOD/GM,2011-01-28 00:00:00.000,38,36.01,38.02,36.6
EOD/GM,2011-01-27 00:00:00.000,38.2,38.03,38.95,38.67
EOD/GM,2011-01-26 00:00:00.000,38.75,37.86,38.91,37.89
EOD/GM,2011-01-25 00:00:00.000,37.85,37.71,38.49,38.4
EOD/GM,2011-01-24 00:00:00.000,37.71,37.03,37.8601,37.64
EOD/GM,2011-01-21 00:00:00.000,37.33,36.82,37.85,37.24
EOD/GM,2011-01-20 00:00:00.000,37.11,36.27,37.29,37.18
EOD/GM,2011-01-19 00:00:00.000,37.78,37.26,37.9275,37.4
EOD/GM,2011-01-18 00:00:00.000,38.05,37.32,38.33,38.03
EOD/GM,2011-01-14 00:00:00.000,38.18,38.04,38.47,38.2
EOD/GM,2011-01-13 00:00:00.000,38.66,38.11,38.71,38.27
EOD/GM,2011-01-12 00:00:00.000,38.95,38.37,39.37,38.62
EOD/GM,2011-01-11 00:00:00.000,38.66,38.51,39.43,38.75
EOD/GM,2011-01-10 00:00:00.000,39.34,38.44,39.36,38.56
EOD/GM,2011-01-07 00:00:00.000,38.84,38.51,39.33,38.98
EOD/GM,2011-01-06 00:00:00.000,38.24,38.07,39.48,38.9
EOD/GM,2011-01-05 00:00:00.000,37.47,37.47,38.3,38.07
EOD/GM,2011-01-04 00:00:00.000,37.1,36.68,37.99,37.9
EOD/GM,2011-01-03 00:00:00.000,37.32,37.03,38,37.06
EOD/GM,2010-12-31 00:00:00.000,36.84,36.57,36.96,36.86
EOD/GM,2010-12-30 00:00:00.000,36.1,36.02,36.98,36.82
EOD/GM,2010-12-29 00:00:00.000,35.47,35.25,36.3,36.02
EOD/GM,2010-12-28 00:00:00.000,35.38,35.07,35.67,35.32
EOD/GM,2010-12-27 00:00:00.000,34.41,34.19,34.89,34.6
EOD/GM,2010-12-23 00:00:00.000,34.67,34.62,35.52,34.81
EOD/GM,2010-12-22 00:00:00.000,33.72,33.53,34.95,34.92
EOD/GM,2010-12-21 00:00:00.000,33.86,33.72,33.94,33.85
EOD/GM,2010-12-20 00:00:00.000,33.91,33.74,34.05,33.76
EOD/GM,2010-12-17 00:00:00.000,33.53,33.19,34,34
EOD/GM,2010-12-16 00:00:00.000,33.57,33.56,33.86,33.61
EOD/GM,2010-12-15 00:00:00.000,33.81,33.61,34.01,33.61
EOD/GM,2010-12-14 00:00:00.000,33.73,33.45,33.92,33.89
EOD/GM,2010-12-13 00:00:00.000,33.96,33.7,34.05,33.8
EOD/GM,2010-12-10 00:00:00.000,33.85,33.53,33.99,33.81
EOD/GM,2010-12-09 00:00:00.000,34.36,33.62,34.43,33.74
EOD/GM,2010-12-08 00:00:00.000,34.61,34.33,34.73,34.45
EOD/GM,2010-12-07 00:00:00.000,34.75,34.46,34.89,34.68
EOD/GM,2010-12-06 00:00:00.000,34.48,34.41,34.78,34.48
EOD/GM,2010-12-03 00:00:00.000,34.55,33.97,34.6,34.55
EOD/GM,2010-12-02 00:00:00.000,34.92,34.51,34.98,34.68
EOD/GM,2010-12-01 00:00:00.000,34.65,34.42,34.95,34.78
EOD/GM,2010-11-30 00:00:00.000,33.53,33.36,34.25,34.2
EOD/GM,2010-11-29 00:00:00.000,33.8,33.07,33.81,33.8
EOD/GM,2010-11-26 00:00:00.000,33.41,33.21,33.81,33.8
EOD/GM,2010-11-24 00:00:00.000,33.73,33.22,33.8,33.48
EOD/GM,2010-11-23 00:00:00.000,33.95,33.19,33.99,33.25
EOD/GM,2010-11-22 00:00:00.000,34.2,33.81,34.48,34.08
EOD/GM,2010-11-19 00:00:00.000,34.15,33.11,34.5,34.26
EOD/GM,2010-11-18 00:00:00.000,35,33.89,35.99,34.19

